permno,date,ticker,comnam,prc,ret,mom_12m,annual_div_ps,dividend_field_used,dividend_yield,mom_score,div_score,combined_score,is_price_up,is_high_dividend,passes_screen,screen_rank,next_ret
85205,2020-10-31,PRPH,PROPHASE LABS INC,7.24,1.092485,2.675120809966194,0.5,dvpsx_f,0.06906077348066299,0.9847020933977456,0.960950080515298,0.9728260869565217,True,True,True,1.0,0.447514
91977,2020-10-31,BGS,B & G FOODS INC NEW,26.56,-0.043572,0.576339306914444,1.9,dvpsx_f,0.07153614457831325,0.8977455716586151,0.9637681159420289,0.930756843800322,True,True,True,2.0,0.042545
75607,2020-10-31,NLOK,NORTONLIFELOCK INC,20.57,-0.012956,0.33497419942772666,12.4,dvpsx_f,0.19098264534899276,0.8285024154589372,0.9977858293075684,0.9131441223832528,True,True,True,3.0,-0.107681
13802,2020-10-31,APAM,ARTISAN PARTNERS ASSET MGMT INC,40.06,0.027443,0.34514507945861994,3.39,dvpsx_f,0.08462306540189715,0.8337359098228664,0.9742351046698873,0.9039855072463768,True,True,True,4.0,0.144034
64282,2020-10-31,LB,L BRANDS INC,32.01,0.006287,0.7910231283636746,1.2,dvpsx_f,0.03748828491096533,0.9235104669887279,0.8498389694041868,0.8866747181964574,True,True,True,5.0,0.212434
14574,2020-10-31,MC,MOELIS & CO,37.2,0.058623,0.23029894627345016,3.25,dvpsx_f,0.08736559139784945,0.7866344605475041,0.9782608695652174,0.8824476650563607,True,True,True,6.0,0.065121
89301,2020-10-31,GME,GAMESTOP CORP NEW,10.47,0.026471,0.7220388714558486,0.38,dvpsx_f,0.03629417382999045,0.9166666666666666,0.8409822866344605,0.8788244766505635,True,True,True,7.0,0.581662
24205,2020-10-31,NEE,NEXTERA ENERGY INC,73.21,0.055051,0.2292028708193592,5.0,dvpsx_f,0.06829668078131404,0.7862318840579711,0.9593397745571659,0.8727858293075685,True,True,True,8.0,0.009971
15302,2020-10-31,VIRT,VIRTU FINANCIAL INC,21.38,-0.070839,0.38048070273641454,0.96,dvpsx_f,0.04490177736202058,0.8490338164251208,0.8921095008051529,0.8705716586151369,True,True,True,9.0,0.077175
83462,2020-10-31,TUP,TUPPERWARE BRANDS CORP,31.72,0.573413,2.696976513210608,0.81,dvpsx_f,0.025535939470365702,0.9851046698872786,0.7528180354267311,0.8689613526570048,True,True,True,10.0,0.060845
85205,2020-11-30,PRPH,PROPHASE LABS INC,10.48,0.447514,4.319788824117405,0.5,dvpsx_f,0.047709923664122134,0.9869431643625192,0.9358678955453149,0.961405529953917,True,True,True,1.0,-0.124046
91977,2020-11-30,BGS,B & G FOODS INC NEW,27.69,0.042545,0.643404662727119,1.9,dvpsx_f,0.06861682918020945,0.8629032258064516,0.9727342549923195,0.9178187403993856,True,True,True,2.0,0.018599
13802,2020-11-30,APAM,ARTISAN PARTNERS ASSET MGMT INC,45.0,0.144034,0.5388917058333629,3.39,dvpsx_f,0.07533333333333334,0.8356374807987711,0.9773425499231951,0.9064900153609832,True,True,True,3.0,0.118667
90803,2020-11-30,CNSL,CONSOLIDATED COMMS HLDGS INC,5.6,0.199143,0.44329682180288565,0.7748,dvpsx_f,0.13835714285714287,0.7995391705069125,0.9971198156682027,0.8983294930875576,True,True,True,4.0,-0.126786
64282,2020-11-30,LB,L BRANDS INC,38.81,0.212434,1.1714973356144833,1.2,dvpsx_f,0.030919866013913937,0.9220430107526881,0.8367895545314901,0.879416282642089,True,True,True,5.0,-0.041742
90077,2020-11-30,COHN,COHEN & CO INC NEW,16.78,-0.12513,3.248102330415378,0.4,dvpsx_f,0.023837902264600714,0.9811827956989247,0.772273425499232,0.8767281105990783,True,True,True,6.0,-0.02652
83462,2020-11-30,TUP,TUPPERWARE BRANDS CORP,33.65,0.060845,2.921919049156908,0.81,dvpsx_f,0.024071322436849927,0.977726574500768,0.7734254992319508,0.8755760368663594,True,True,True,7.0,-0.037444
15540,2020-11-30,RILY,B RILEY FINANCIAL INC,36.14,0.391578,0.5164899201484359,1.49,dvpsx_f,0.041228555617044825,0.82642089093702,0.9070660522273426,0.8667434715821813,True,True,True,8.0,0.223575
15302,2020-11-30,VIRT,VIRTU FINANCIAL INC,22.79,0.077175,0.4870193009700974,0.96,dvpsx_f,0.04212373848179026,0.8172043010752689,0.913594470046083,0.8653993855606759,True,True,True,9.0,0.104432
14574,2020-11-30,MC,MOELIS & CO,39.24,0.065121,0.3104172439537234,3.25,dvpsx_f,0.0828236493374108,0.7361751152073732,0.9823348694316436,0.8592549923195084,True,True,True,10.0,0.242609
85205,2020-12-31,PRPH,PROPHASE LABS INC,9.18,-0.124046,3.6598902996409377,0.5,dvpsx_f,0.054466230936819175,0.9814275309541151,0.9603058994901675,0.9708667152221413,True,True,True,1.0,0.102396
13325,2020-12-31,MACK,MERRIMACK PHARMACEUTICALS INC,6.89,0.757653,1.1873018091928507,2.5007,dvpsx_f,0.13176743078347242,0.9038601602330663,0.9970866715222141,0.9504734158776402,True,True,True,2.0,-0.024674
13802,2020-12-31,APAM,ARTISAN PARTNERS ASSET MGMT INC,50.34,0.118667,0.7215073678894908,3.39,dvpsx_f,0.06734207389749702,0.8368536052439912,0.9748725418790969,0.905863073561544,True,True,True,3.0,-0.038538
91977,2020-12-31,BGS,B & G FOODS INC NEW,27.73,0.018599,0.6739703460491808,1.9,dvpsx_f,0.06851785070320951,0.8262927895120175,0.9759650400582666,0.901128914785142,True,True,True,4.0,0.373242
14574,2020-12-31,MC,MOELIS & CO,46.76,0.242609,0.6283362610920924,3.25,dvpsx_f,0.0695038494439692,0.8135469774217043,0.976693372177713,0.8951201747997086,True,True,True,5.0,0.063088
90077,2020-12-31,COHN,COHEN & CO INC NEW,16.335,-0.02652,3.135442656612762,0.4,dvpsx_f,0.024487297214569943,0.9748725418790969,0.7920611798980335,0.8834668608885652,True,True,True,6.0,0.056015
83462,2020-12-31,TUP,TUPPERWARE BRANDS CORP,32.39,-0.037444,2.7750667122802763,0.81,dvpsx_f,0.025007718431614697,0.9679533867443554,0.7967953386744355,0.8823743627093954,True,True,True,7.0,-0.071318
64282,2020-12-31,LB,L BRANDS INC,37.19,-0.041742,1.0808546938312635,1.2,dvpsx_f,0.032266738370529714,0.8936635105608157,0.8608885651857247,0.8772760378732702,True,True,True,8.0,0.095994
15540,2020-12-31,RILY,B RILEY FINANCIAL INC,44.22,0.223575,0.8555391540456225,1.49,dvpsx_f,0.0336951605608322,0.8623452294246177,0.8718135469774217,0.8670793882010197,True,True,True,9.0,0.090005
85931,2020-12-31,WDR,WADDELL & REED FINANCIAL INC,25.47,0.547388,0.6267774789172527,1.0,dvpsx_f,0.03926187671770711,0.8128186453022578,0.9085943190094683,0.860706482155863,True,True,True,10.0,0.002748
14172,2021-01-31,PPSI,PIONEER POWER SOLUTIONS INC,6.78,0.751938,2.190586326997437,1.37,dvpsx_f,0.11699321444813555,0.9410511363636364,0.9968039772727273,0.9689275568181819,True,True,True,1.0,-0.110619
85205,2021-01-31,PRPH,PROPHASE LABS INC,10.12,0.102396,4.11110048072282,0.5,dvpsx_f,0.049407114624505935,0.9772727272727273,0.9509943181818182,0.9641335227272727,True,True,True,2.0,-0.243083
13325,2021-01-31,MACK,MERRIMACK PHARMACEUTICALS INC,6.72,-0.024674,1.1889244383126525,2.5007,dvpsx_f,0.11699321444813555,0.8799715909090909,0.9968039772727273,0.9383877840909092,True,True,True,3.0,-0.035714
91977,2021-01-31,BGS,B & G FOODS INC NEW,38.08,0.373242,1.5664324592910277,1.9,dvpsx_f,0.04989495798319328,0.9122869318181818,0.9527698863636364,0.9325284090909091,True,True,True,4.0,-0.203519
16738,2021-01-31,AM,ANTERO MIDSTREAM CORP,8.1,0.050584,0.9007970236824279,1.0815,dvpsx_f,0.11699321444813555,0.83984375,0.9968039772727273,0.9183238636363636,True,True,True,5.0,0.126852
14328,2021-01-31,AMC,A M C ENTERTAINMENT HOLDINGS INC,13.26,5.254717,1.0530523102259823,0.8,dvpsx_f,0.0603318250377074,0.8625710227272727,0.96875,0.9156605113636364,True,True,True,6.0,-0.395928
81728,2021-01-31,NHTC,NATURAL HEALTH TRENDS CORP,5.47,0.098394,0.7781436653560987,0.64,dvpsx_f,0.11699321444813555,0.8156960227272727,0.9968039772727273,0.90625,True,True,True,7.0,0.272395
83462,2021-01-31,TUP,TUPPERWARE BRANDS CORP,30.08,-0.071318,3.805122373909507,0.81,dvpsx_f,0.026928191489361705,0.9733664772727273,0.8224431818181818,0.8979048295454546,True,True,True,8.0,0.01629
77584,2021-01-31,BKE,BUCKLE INC,39.32,0.346575,0.7594523207039658,2.3,dvpsx_f,0.058494404883011185,0.8128551136363636,0.9659090909090909,0.8893821022727273,True,True,True,9.0,-0.022381
15398,2021-01-31,CC,CHEMOURS CO,26.34,0.062525,1.012110763899675,1.0,dvpsx_f,0.037965072133637055,0.8558238636363636,0.9037642045454546,0.8797940340909092,True,True,True,10.0,-0.097191
85205,2021-02-28,PRPH,PROPHASE LABS INC,7.66,-0.243083,2.9435671833796535,0.5,dvpsx_f,0.06527415143603132,0.9565826330532213,0.9782913165266106,0.967436974789916,True,True,True,1.0,-0.034595
16401,2021-02-28,TUSK,MAMMOTH ENERGY SERVICES INC,5.56,0.414758,4.100912083285211,0.25,dvpsx_f,0.04496402877697842,0.9716386554621849,0.9488795518207283,0.9602591036414565,True,True,True,2.0,-0.043165
14172,2021-02-28,PPSI,PIONEER POWER SOLUTIONS INC,6.03,-0.110619,1.804650149087295,1.37,dvpsx_f,0.10050832685558157,0.9089635854341737,0.9963235294117647,0.9526435574229692,True,True,True,3.0,-0.195688
16738,2021-02-28,AM,ANTERO MIDSTREAM CORP,8.82,0.126852,1.4759784109088199,1.0815,dvpsx_f,0.10050832685558157,0.8834033613445378,0.9963235294117647,0.9398634453781513,True,True,True,4.0,0.02381
13325,2021-02-28,MACK,MERRIMACK PHARMACEUTICALS INC,6.48,-0.035714,1.2422147246589583,2.5007,dvpsx_f,0.10050832685558157,0.8546918767507002,0.9963235294117647,0.9255077030812324,True,True,True,5.0,-0.030864
81728,2021-02-28,NHTC,NATURAL HEALTH TRENDS CORP,6.76,0.272395,1.1954179191434262,0.64,dvpsx_f,0.09467455621301776,0.8462885154061625,0.9908963585434174,0.91859243697479,True,True,True,6.0,-0.001479
83462,2021-02-28,TUP,TUPPERWARE BRANDS CORP,30.57,0.01629,9.726330231994266,0.81,dvpsx_f,0.026496565260058884,0.9908963585434174,0.8350840336134454,0.9129901960784315,True,True,True,7.0,-0.136081
91977,2021-02-28,BGS,B & G FOODS INC NEW,30.33,-0.203519,1.2181411756883844,1.9,dvpsx_f,0.06264424662050774,0.8504901960784313,0.9751400560224089,0.9128151260504201,True,True,True,8.0,0.03973
13168,2021-02-28,TRIP,TRIPADVISOR INC,49.62,0.602196,1.1159936238888792,3.5,dvpsx_f,0.0705360741636437,0.8336834733893558,0.9803921568627451,0.9070378151260504,True,True,True,9.0,0.084039
52396,2021-02-28,SUP,SUPERIOR INDUSTRIES INTL INC,5.71,0.235931,1.1961522200089947,0.27,dvpsx_f,0.047285464098073555,0.8466386554621849,0.9558823529411765,0.9012605042016807,True,True,True,10.0,-0.005254
16738,2021-03-31,AM,ANTERO MIDSTREAM CORP,9.03,0.02381,4.263004658710476,1.0815,dvpsx_f,0.0992335921220054,0.9456981664315938,0.9959449929478138,0.9708215796897037,True,True,True,1.0,-0.018272
16401,2021-03-31,TUSK,MAMMOTH ENERGY SERVICES INC,5.32,-0.043165,6.1047018120246594,0.25,dvpsx_f,0.046992481203007516,0.9700282087447109,0.9569816643159379,0.9635049365303243,True,True,True,2.0,-0.281955
12476,2021-03-31,TRGP,TARGA RESOURCES CORP,31.75,0.026512,3.701699875997165,3.64,dvpsx_f,0.0992335921220054,0.9284203102961918,0.9959449929478138,0.9621826516220028,True,True,True,3.0,0.095748
52396,2021-03-31,SUP,SUPERIOR INDUSTRIES INTL INC,5.68,-0.005254,3.733334278531924,0.27,dvpsx_f,0.04753521126760564,0.9294781382228491,0.9580394922425952,0.9437588152327221,True,True,True,4.0,-0.116197
39490,2021-03-31,APA,A P A CORP,17.9,-0.092752,3.317960278562106,1.0,dvpsx_f,0.0558659217877095,0.9160789844851904,0.9703808180535967,0.9432299012693935,True,True,True,5.0,0.118715
83462,2021-03-31,TUP,TUPPERWARE BRANDS CORP,26.41,-0.136081,15.302494960063495,0.81,dvpsx_f,0.03067020068156002,0.9925952045133991,0.8885754583921015,0.9405853314527504,True,True,True,6.0,-0.077243
85205,2021-03-31,PRPH,PROPHASE LABS INC,7.395,-0.034595,2.9126921734333475,0.5,dvpsx_f,0.0676132521974307,0.8991537376586742,0.9816643159379408,0.9404090267983075,True,True,True,7.0,-0.279243
14490,2021-03-31,GCI,GANNETT CO INC,5.38,0.086869,2.635137996898798,1.52,dvpsx_f,0.0992335921220054,0.8815232722143864,0.9959449929478138,0.9387341325811001,True,True,True,8.0,-0.156134
93423,2021-03-31,SIX,SIX FLAGS ENTERTAINMENT CORP,46.47,0.041928,2.705742983633346,3.29,dvpsx_f,0.07079836453625996,0.8868124118476728,0.9837799717912553,0.935296191819464,True,True,True,9.0,0.010975
16611,2021-03-31,JILL,J JILL INC,9.75,0.985743,2.530048457224438,1.15,dvpsx_f,0.0992335921220054,0.8723554301833568,0.9959449929478138,0.9341502115655853,True,True,True,10.0,-0.08718
16611,2021-04-30,JILL,J JILL INC,8.9,-0.08718,2.9086452047404143,1.15,dvpsx_f,0.09920866820835515,0.9343091752945377,0.9964298464833988,0.9653695108889683,True,True,True,1.0,1.151685
83462,2021-04-30,TUP,TUPPERWARE BRANDS CORP,24.37,-0.077243,6.568340033961299,0.81,dvpsx_f,0.03323758719737382,0.9857193859335951,0.91181720813995,0.9487682970367726,True,True,True,2.0,0.052113
52396,2021-04-30,SUP,SUPERIOR INDUSTRIES INTL INC,5.02,-0.116197,2.560285136484553,0.27,dvpsx_f,0.05378486055776893,0.9214566226347733,0.9689396644055694,0.9451981435201714,True,True,True,3.0,0.394422
85205,2021-04-30,PRPH,PROPHASE LABS INC,5.33,-0.279243,2.194864237652401,0.5,dvpsx_f,0.09380863039399624,0.8986076401285256,0.9917886469118172,0.9451981435201714,True,True,True,4.0,-0.043152
77606,2021-04-30,KSS,KOHLS CORP,58.66,-0.015937,2.1910088454267407,2.68,dvpsx_f,0.04568700988748722,0.8975365940735451,0.9564441270974652,0.9269903605855052,True,True,True,5.0,-0.05404
77584,2021-04-30,BKE,BUCKLE INC,41.94,0.07612,2.015702428817245,2.3,dvpsx_f,0.05484024797329518,0.8832559800071403,0.9700107104605498,0.9266333452338451,True,True,True,6.0,0.004292
77462,2021-04-30,M,MACYS INC,16.58,0.024089,1.8293520806508305,1.51,dvpsx_f,0.09107358262967431,0.8607640128525527,0.9907176008568368,0.9257408068546947,True,True,True,7.0,0.102533
12476,2021-04-30,TRGP,TARGA RESOURCES CORP,34.69,0.095748,1.7258398667334083,3.64,dvpsx_f,0.09920866820835515,0.8489825062477686,0.9964298464833988,0.9227061763655837,True,True,True,8.0,0.120208
90751,2021-04-30,DBI,DESIGNER BRANDS INC,17.7,0.017241,1.7873989121690004,1.0,dvpsx_f,0.05649717514124294,0.855765797929311,0.9721528025705105,0.9139593002499107,True,True,True,9.0,-0.011865
14229,2021-04-30,OMF,ONEMAIN HOLDINGS INC,56.87,0.058637,1.8219961932276516,3.0,dvpsx_f,0.052751890276068227,0.8596929667975723,0.9671545876472688,0.9134237772224205,True,True,True,10.0,0.029365
16611,2021-05-31,JILL,J JILL INC,19.15,1.151685,5.247951076328089,1.15,dvpsx_f,0.06005221932114883,0.982481229889167,0.9771183410797283,0.9797997854844476,True,True,True,1.0,0.029243
14490,2021-05-31,GCI,GANNETT CO INC,5.13,0.129956,2.916030631302295,1.52,dvpsx_f,0.08837456370672692,0.9452985341437254,0.9958884519127637,0.9705934930282445,True,True,True,2.0,0.070175
52396,2021-05-31,SUP,SUPERIOR INDUSTRIES INTL INC,7.0,0.394422,4.426355316120844,0.27,dvpsx_f,0.038571428571428576,0.9778333929209868,0.9438684304612084,0.9608509116910976,True,True,True,3.0,0.231429
83462,2021-05-31,TUP,TUPPERWARE BRANDS CORP,25.64,0.052113,6.938093220607917,0.81,dvpsx_f,0.03159126365054602,0.9899892742223811,0.9077583124776546,0.9488737933500179,True,True,True,4.0,-0.073713
77584,2021-05-31,BKE,BUCKLE INC,42.12,0.004292,2.2932233908637203,2.3,dvpsx_f,0.05460588793922127,0.9195566678584197,0.9724705041115481,0.9460135859849839,True,True,True,5.0,0.181149
77462,2021-05-31,M,MACYS INC,18.28,0.102533,1.8742145548575375,1.51,dvpsx_f,0.0826039387308534,0.8870218090811584,0.9889166964604934,0.9379692527708259,True,True,True,6.0,0.037199
14328,2021-05-31,AMC,A M C ENTERTAINMENT HOLDINGS INC,26.12,1.604188,4.091616270911555,0.8,dvpsx_f,0.030627871362940276,0.9739006077940651,0.8977475867000357,0.9358240972470504,True,True,True,7.0,1.169985
14229,2021-05-31,OMF,ONEMAIN HOLDINGS INC,57.84,0.029365,1.9723908876268896,3.0,dvpsx_f,0.051867219917012444,0.896675008938148,0.9699678226671433,0.9333214158026457,True,True,True,8.0,0.035788
92354,2021-05-31,PZN,PZENA INVESTMENT MANAGEMENT INC,11.6,0.101614,1.9633248259995564,0.58,dvpsx_f,0.049999999999999996,0.8959599570968895,0.9656775116195924,0.9308187343582409,True,True,True,9.0,-0.050862
90751,2021-05-31,DBI,DESIGNER BRANDS INC,17.49,-0.011865,1.8531776157514406,1.0,dvpsx_f,0.057175528873642086,0.8852341794780122,0.9746156596353236,0.9299249195566679,True,True,True,10.0,-0.053745
16680,2021-06-30,SSNT,SILVERSUN TECHNOLOGIES INC,12.17,0.805638,5.901547339396552,0.9,dvpsx_f,0.07029325284072065,0.9864819195674214,0.9944237918215614,0.9904528556944914,True,True,True,1.0,-0.211175
16611,2021-06-30,JILL,J JILL INC,19.71,0.029243,4.696525838714643,1.15,dvpsx_f,0.05834601725012683,0.9790469753295032,0.9820885434268334,0.9805677593781683,True,True,True,2.0,0.177068
78963,2021-06-30,CHS,CHICOS FAS INC,6.58,0.415054,3.7681171302599443,0.35,dvpsx_f,0.05319148936170212,0.9668807029401825,0.9763433592429875,0.971612031091585,True,True,True,3.0,-0.06079
77584,2021-06-30,BKE,BUCKLE INC,49.75,0.181149,2.4928715620681183,2.3,dvpsx_f,0.046231155778894466,0.9384927340317675,0.9678945589726259,0.9531936465021966,True,True,True,4.0,-0.147538
14229,2021-06-30,OMF,ONEMAIN HOLDINGS INC,59.91,0.035788,1.9269600307199872,5.94,dvpsx_f,0.07029325284072065,0.9057113889827645,0.9944237918215614,0.9500675904021629,True,True,True,5.0,0.018194
13399,2021-06-30,TLYS,TILLYS INC,15.98,0.243045,1.994708511196301,1.0,dvpsx_f,0.0625782227784731,0.9128083812098682,0.9851301115241635,0.9489692463670159,True,True,True,6.0,-0.071965
41217,2021-06-30,HVT,HAVERTY FURNITURE COS INC,42.76,-0.069221,1.9510715676690893,2.77,dvpsx_f,0.06478016838166512,0.909766813112538,0.9858060155457925,0.9477864143291652,True,True,True,7.0,-0.158325
77462,2021-06-30,M,MACYS INC,18.96,0.037199,1.7558143269018602,1.51,dvpsx_f,0.07029325284072065,0.895234876647516,0.9944237918215614,0.9448293342345386,True,True,True,8.0,-0.103375
91277,2021-06-30,QRTEA,QURATE RETAIL INC,13.09,-0.039619,1.6708266638729485,3.0,dvpsx_f,0.07029325284072065,0.8847583643122676,0.9944237918215614,0.9395910780669146,True,True,True,9.0,-0.093965
42796,2021-06-30,MDP,MEREDITH CORP,43.44,0.289786,1.9855645990795097,1.745,dvpsx_f,0.04017034990791897,0.9124704291990537,0.9543764785400474,0.9334234538695505,True,True,True,10.0,0.004604
16680,2021-07-31,SSNT,SILVERSUN TECHNOLOGIES INC,9.0,-0.211175,3.009330174443102,0.9,dvpsx_f,0.070370294621635,0.9680272108843537,0.9947278911564625,0.9813775510204081,True,True,True,1.0,-0.202222
41217,2021-07-31,HVT,HAVERTY FURNITURE COS INC,35.99,-0.158325,1.7947602382198364,2.77,dvpsx_f,0.070370294621635,0.9163265306122449,0.9947278911564625,0.9555272108843538,True,True,True,2.0,-0.003056
77584,2021-07-31,BKE,BUCKLE INC,42.08,-0.147538,1.9125268531281856,2.6,dvpsx_f,0.061787072243346015,0.922108843537415,0.9836734693877551,0.952891156462585,True,True,True,3.0,-0.07961
14229,2021-07-31,OMF,ONEMAIN HOLDINGS INC,61.0,0.018194,1.5482383283374683,5.94,dvpsx_f,0.070370294621635,0.8945578231292517,0.9947278911564625,0.9446428571428571,True,True,True,4.0,0.016885
13399,2021-07-31,TLYS,TILLYS INC,14.83,-0.071965,1.621968001951064,1.0,dvpsx_f,0.06743088334457181,0.9010204081632653,0.9880952380952381,0.9445578231292517,True,True,True,5.0,0.049899
10044,2021-07-31,RMCF,ROCKY MOUNTAIN CHOC FAC INC NEW,8.39,0.099607,1.5271125374776195,0.6,dvpsx_f,0.070370294621635,0.891156462585034,0.9947278911564625,0.9429421768707482,True,True,True,6.0,-0.054827
42796,2021-07-31,MDP,MEREDITH CORP,43.64,0.004604,2.0389963923817853,1.745,dvpsx_f,0.03998625114573786,0.9299319727891157,0.9534013605442176,0.9416666666666667,True,True,True,7.0,-0.014436
14574,2021-07-31,MC,MOELIS & CO,59.25,0.05203,1.257381136923021,4.1525,dvpsx_f,0.070084388185654,0.8482993197278912,0.9891156462585035,0.9187074829931974,True,True,True,8.0,0.04557
86593,2021-07-31,GBL,GAMCO INVESTORS INC,26.94,0.073307,1.6005351218121295,0.98,dvpsx_f,0.036377134372680024,0.8982993197278911,0.9391156462585034,0.9187074829931973,True,True,True,9.0,0.013734
13983,2021-07-31,COTY,COTY INC,8.73,-0.065311,1.353096869816901,0.375,dvpsx_f,0.0429553264604811,0.867687074829932,0.9622448979591837,0.9149659863945578,True,True,True,10.0,0.11913
16680,2021-08-31,SSNT,SILVERSUN TECHNOLOGIES INC,7.18,-0.202222,1.6615304287139656,0.9,dvpsx_f,0.06936676653248743,0.9179608372721134,0.9947670492910196,0.9563639432815665,True,True,True,1.0,-0.154596
42796,2021-08-31,MDP,MEREDITH CORP,43.01,-0.014436,2.0721440928696033,1.745,dvpsx_f,0.04057196000930017,0.9419311276164753,0.9581363943281567,0.950033760972316,True,True,True,2.0,0.295048
13399,2021-08-31,TLYS,TILLYS INC,15.57,0.049899,1.6095156864529723,1.0,dvpsx_f,0.06422607578676942,0.9112086428089129,0.9854827819041189,0.9483457123565159,True,True,True,3.0,-0.100193
14229,2021-08-31,OMF,ONEMAIN HOLDINGS INC,57.83,0.016885,1.3676956689690445,5.94,dvpsx_f,0.06936676653248743,0.887238352464551,0.9947670492910196,0.9410027008777853,True,True,True,4.0,-0.04323
13983,2021-08-31,COTY,COTY INC,9.77,0.11913,1.7290499388245384,0.375,dvpsx_f,0.0383828045035824,0.9223497636731938,0.9513841998649561,0.9368669817690749,True,True,True,5.0,-0.195496
77584,2021-08-31,BKE,BUCKLE INC,38.73,-0.07961,1.2930090640076464,2.6,dvpsx_f,0.06713142266976505,0.8781228899392303,0.988183659689399,0.9331532748143146,True,True,True,6.0,0.022205
92354,2021-08-31,PZN,PZENA INVESTMENT MANAGEMENT INC,10.91,-0.047162,1.2893541461155644,0.55,dvpsx_f,0.05041246562786435,0.8767724510465902,0.9753544902093181,0.9260634706279541,True,True,True,7.0,-0.098075
14574,2021-08-31,MC,MOELIS & CO,61.95,0.04557,1.1859732759106287,4.1525,dvpsx_f,0.06702986279257465,0.8571910871033086,0.987846049966239,0.9225185685347739,True,True,True,8.0,-0.001291
86593,2021-08-31,GBL,GAMCO INVESTORS INC,27.31,0.013734,1.4628674645390145,0.98,dvpsx_f,0.03588429146832662,0.899729912221472,0.9388926401080351,0.9193112761647535,True,True,True,9.0,-0.033321
25232,2021-08-31,OKE,ONEOK INC NEW,52.52,0.010583,1.0921896726291553,3.74,dvpsx_f,0.06936676653248743,0.8345712356515868,0.9947670492910196,0.9146691424713032,True,True,True,10.0,0.104151
16680,2021-09-30,SSNT,SILVERSUN TECHNOLOGIES INC,6.07,-0.154596,1.7849898203135943,0.9,dvpsx_f,0.06872631899508733,0.9279187817258884,0.994585448392555,0.9612521150592217,True,True,True,1.0,-0.031302
16158,2021-09-30,VRS,VERSO CORP,20.75,0.094488,1.6979885310859282,3.3,dvpsx_f,0.06872631899508733,0.9191201353637902,0.994585448392555,0.9568527918781726,True,True,True,2.0,0.064096
13983,2021-09-30,COTY,COTY INC,7.86,-0.195496,1.911112043363207,0.375,dvpsx_f,0.047709923664122134,0.9350253807106599,0.9702199661590525,0.9526226734348562,True,True,True,3.0,0.07888
91024,2021-09-30,LORL,LORAL SPACE & COMMUNICATIONS INC,43.01,0.023804,1.5182258826246233,7.0,dvpsx_f,0.06872631899508733,0.9005076142131979,0.994585448392555,0.9475465313028765,True,True,True,4.0,0.158335
83411,2021-09-30,EPM,EVOLUTION PETROLEUM CORP,5.68,0.380096,1.6410975197200246,0.325,dvpsx_f,0.05721830985915494,0.9140439932318105,0.9807106598984772,0.9473773265651438,True,True,True,5.0,0.045775
13399,2021-09-30,TLYS,TILLYS INC,14.01,-0.100193,1.4687736370367381,1.0,dvpsx_f,0.06872631899508733,0.8944162436548223,0.994585448392555,0.9445008460236887,True,True,True,6.0,-0.009279
42796,2021-09-30,MDP,MEREDITH CORP,55.7,0.295048,3.245428993422128,1.745,dvpsx_f,0.03132854578096948,0.9746192893401016,0.9055837563451776,0.9401015228426396,True,True,True,7.0,0.045602
25232,2021-09-30,OKE,ONEOK INC NEW,57.99,0.104151,1.443470136631166,3.74,dvpsx_f,0.06449387825487153,0.8923857868020305,0.9871404399323181,0.9397631133671743,True,True,True,8.0,0.113209
18515,2021-09-30,MNRL,BRIGHAM MINERALS INC,19.16,0.002092,1.3175963130858896,1.13,dvpsx_f,0.05897703549060542,0.8754653130287648,0.9820642978003384,0.9287648054145516,True,True,True,9.0,0.209812
16738,2021-09-30,AM,ANTERO MIDSTREAM CORP,10.42,0.084287,1.2223416376386087,1.23,dvpsx_f,0.06872631899508733,0.8582064297800338,0.994585448392555,0.9263959390862944,True,True,True,10.0,0.042706
91024,2021-10-31,LORL,LORAL SPACE & COMMUNICATIONS INC,49.82,0.158335,2.0660641411927623,7.0,dvpsx_f,0.06680769748351488,0.9341746248294679,0.9947135061391542,0.964444065484311,True,True,True,1.0,
16905,2021-10-31,FLMN,FALCON MINERALS CORP,5.88,0.251064,2.535755516474115,0.255,dvpsx_f,0.04336734693877551,0.9536152796725784,0.9641882673942701,0.9589017735334242,True,True,True,2.0,-0.184524
16158,2021-10-31,VRS,VERSO CORP,22.08,0.064096,1.911511091613689,3.3,dvpsx_f,0.06680769748351488,0.9225784447476125,0.9947135061391542,0.9586459754433834,True,True,True,3.0,-0.042573
83411,2021-10-31,EPM,EVOLUTION PETROLEUM CORP,5.94,0.045775,1.7994872919867881,0.325,dvpsx_f,0.054713804713804715,0.9164392905866303,0.9795361527967258,0.9479877216916781,True,True,True,4.0,-0.1633
16680,2021-10-31,SSNT,SILVERSUN TECHNOLOGIES INC,5.88,-0.031302,1.5809413038939106,0.9,dvpsx_f,0.06680769748351488,0.8973396998635743,0.9947135061391542,0.9460266030013642,True,True,True,5.0,-0.195578
18515,2021-10-31,MNRL,BRIGHAM MINERALS INC,23.18,0.209812,1.8356462609586743,1.13,dvpsx_f,0.04874892148403796,0.9188267394270123,0.9727148703956344,0.9457708049113234,True,True,True,6.0,-0.087144
13983,2021-10-31,COTY,COTY INC,8.48,0.07888,1.924137965674336,0.375,dvpsx_f,0.044221698113207544,0.9242837653478854,0.9655525238744884,0.944918144611187,True,True,True,7.0,0.147406
42796,2021-10-31,MDP,MEREDITH CORP,58.24,0.045602,4.294548697697636,1.745,dvpsx_f,0.029962225274725276,0.9836289222373806,0.9027967257844475,0.9432128240109141,True,True,True,8.0,0.013049
13399,2021-10-31,TLYS,TILLYS INC,13.88,-0.009279,1.40204773173634,1.0,dvpsx_f,0.06680769748351488,0.8782401091405184,0.9947135061391542,0.9364768076398363,True,True,True,9.0,0.082133
86728,2021-10-31,MTEX,MANNATECH INC,40.68,0.244798,1.671271915723993,1.57,dvpsx_f,0.038593903638151426,0.9058663028649386,0.9498635743519782,0.9278649386084584,True,True,True,10.0,-0.115782
16158,2021-11-30,VRS,VERSO CORP,21.14,-0.042573,1.0062177607922647,3.3,dvpsx_f,0.06855243555524329,0.903778866340098,0.9947515745276417,0.9492652204338698,True,True,True,1.0,0.282876
18515,2021-11-30,MNRL,BRIGHAM MINERALS INC,20.76,-0.087144,1.141734480975935,1.13,dvpsx_f,0.05443159922928708,0.9198740377886634,0.9762071378586424,0.9480405878236529,True,True,True,2.0,0.015896
86728,2021-11-30,MTEX,MANNATECH INC,35.97,-0.115782,1.1129180445984201,1.57,dvpsx_f,0.04364748401445649,0.917074877536739,0.9618614415675297,0.9394681595521344,True,True,True,3.0,0.112594
77584,2021-11-30,BKE,BUCKLE INC,47.04,0.130226,0.9371451226452256,2.6,dvpsx_f,0.05527210884353742,0.8904828551434569,0.9772568229531141,0.9338698390482856,True,True,True,4.0,0.026998
42796,2021-11-30,MDP,MEREDITH CORP,59.0,0.013049,1.8992633857588608,1.745,dvpsx_f,0.02957627118644068,0.9674597620713786,0.8901329601119664,0.9287963610916725,True,True,True,5.0,
14574,2021-11-30,MC,MOELIS & CO,61.31,-0.114517,0.8303834550556746,4.1525,dvpsx_f,0.067729571032458,0.8663400979706088,0.9888033589923023,0.9275717284814555,True,True,True,6.0,0.019573
15144,2021-11-30,PATI,PATRIOT TRANSPORT HLDG INC NEW,9.75,-0.119374,0.8004707756102118,3.15,dvpsx_f,0.06855243555524329,0.8589923023093072,0.9947515745276417,0.9268719384184745,True,True,True,7.0,-0.172308
86593,2021-11-30,GBL,GAMCO INVESTORS INC,24.48,-0.07448,0.9491330228071677,0.98,dvpsx_f,0.04003267973856209,0.8932820153953814,0.9517144856543037,0.9224982505248426,True,True,True,8.0,0.022059
25232,2021-11-30,OKE,ONEOK INC NEW,59.84,-0.059415,0.7951797782261307,3.74,dvpsx_f,0.0625,0.8565430370888734,0.9860041987403779,0.9212736179146257,True,True,True,9.0,-0.018048
14601,2021-11-30,NAVI,NAVIENT CORP,19.73,0.001523,1.1994966203838446,0.64,dvpsx_f,0.03243791180942727,0.9268719384184745,0.9128761371588523,0.9198740377886634,True,True,True,10.0,0.083629
16158,2021-12-31,VRS,VERSO CORP,27.02,0.282876,1.295545259381277,3.3,dvpsx_f,0.0666401683422958,0.949358059914408,0.9946504992867332,0.9720042796005706,True,True,True,1.0,-0.005181
14532,2021-12-31,AMRK,A MARK PRECIOUS METALS INC,61.1,-0.11769,1.4614392012543234,3.0,dvpsx_f,0.049099836333878884,0.9597004279600571,0.9728958630527818,0.9662981455064195,True,True,True,2.0,0.013093
13399,2021-12-31,TLYS,TILLYS INC,16.11,0.139148,1.2280271125093765,1.0,dvpsx_f,0.062073246430788334,0.9457917261055635,0.985734664764622,0.9657631954350927,True,True,True,3.0,-0.181875
18515,2021-12-31,MNRL,BRIGHAM MINERALS INC,21.09,0.015896,1.0629309789443364,1.13,dvpsx_f,0.05357989568515884,0.9325962910128388,0.9775320970042796,0.9550641940085591,True,True,True,4.0,0.026079
86728,2021-12-31,MTEX,MANNATECH INC,38.32,0.112594,1.1943762713953463,1.57,dvpsx_f,0.040970772442588725,0.9425820256776034,0.9589871611982882,0.9507845934379457,True,True,True,5.0,-0.120564
14601,2021-12-31,NAVI,NAVIENT CORP,21.22,0.083629,1.2377580372658787,0.64,dvpsx_f,0.030160226201696515,0.9461483594864479,0.9054921540656206,0.9258202567760343,True,True,True,6.0,-0.178605
77584,2021-12-31,BKE,BUCKLE INC,42.31,0.026998,0.6938690917613255,2.6,dvpsx_f,0.06145119357125975,0.8669757489300999,0.9843081312410842,0.925641940085592,True,True,True,7.0,-0.110376
25232,2021-12-31,OKE,ONEOK INC NEW,58.76,-0.018048,0.6474967859891172,3.74,dvpsx_f,0.0636487406398911,0.8516405135520685,0.9871611982881597,0.9194008559201141,True,True,True,8.0,0.048588
10232,2021-12-31,ESBK,ELMIRA SAVINGS BANK NY,22.8409,0.006607,1.0655635881344678,0.68,dvpsx_f,0.029771156127823335,0.9329529243937232,0.9004992867332382,0.9167261055634808,True,True,True,9.0,0.000398
75233,2021-12-31,VGR,VECTOR GROUP LTD,11.48,0.148109,0.6001109636166513,0.8,dvpsx_f,0.0666401683422958,0.8277460770328102,0.9946504992867332,0.9111982881597718,True,True,True,10.0,-0.03223
16158,2022-01-31,VRS,VERSO CORP,26.88,-0.005181,1.3869122502505098,3.3,dvpsx_f,0.06884465452201194,0.9780139245144742,0.9945034811286185,0.9862587028215464,True,True,True,1.0,-0.013765
14532,2022-01-31,AMRK,A MARK PRECIOUS METALS INC,61.9,0.013093,1.238018025646722,3.0,dvpsx_f,0.048465266558966075,0.9728838402345181,0.9725174056430927,0.9727006229388054,True,True,True,2.0,0.15832
86728,2022-01-31,MTEX,MANNATECH INC,33.7,-0.120564,0.9381494714877068,1.57,dvpsx_f,0.04658753709198813,0.9541956760718212,0.9692194943202639,0.9617075851960426,True,True,True,3.0,0.047478
16905,2022-01-31,FLMN,FALCON MINERALS CORP,5.17,0.061602,0.8787092594467492,0.255,dvpsx_f,0.049323017408123795,0.9479662880175889,0.9739831440087944,0.9609747160131916,True,True,True,4.0,0.138298
11850,2022-01-31,XOM,EXXON MOBIL CORP,75.96,0.241379,0.8007550879542342,3.48,dvpsx_f,0.04581358609794629,0.9355075119091242,0.9677537559545621,0.9516306339318432,True,True,True,5.0,0.043971
18515,2022-01-31,MNRL,BRIGHAM MINERALS INC,21.64,0.026079,0.7373316665935306,1.13,dvpsx_f,0.052218114602587795,0.9267130817149138,0.976181751557347,0.9514474166361304,True,True,True,6.0,0.05268
25232,2022-01-31,OKE,ONEOK INC NEW,60.68,0.048588,0.6264730702926316,3.74,dvpsx_f,0.06163480553724456,0.899596921949432,0.9842433125687065,0.9419201172590692,True,True,True,7.0,0.076137
75233,2022-01-31,VGR,VECTOR GROUP LTD,11.11,-0.03223,0.5366686221531536,0.8,dvpsx_f,0.06884465452201194,0.862953462806889,0.9945034811286185,0.9287284719677538,True,True,True,8.0,0.009001
10232,2022-01-31,ESBK,ELMIRA SAVINGS BANK NY,22.85,0.000398,0.9462440379781532,0.68,dvpsx_f,0.02975929978118162,0.9549285452546721,0.8988640527665812,0.9268962990106266,True,True,True,9.0,0.002188
10901,2022-01-31,ITIC,INVESTORS TITLE CO,199.99001,0.014405,0.5297450997092894,16.76,dvpsx_f,0.06884465452201194,0.8585562477097838,0.9945034811286185,0.9265298644192012,True,True,True,10.0,-0.042202
16158,2022-02-28,VRS,VERSO CORP,26.51,-0.013765,1.1657309379541343,3.3,dvpsx_f,0.06967681420376033,0.9800221975582686,0.9944506104328524,0.9872364039955606,True,True,True,1.0,
14532,2022-02-28,AMRK,A MARK PRECIOUS METALS INC,71.7,0.15832,1.6051034412256757,3.0,dvpsx_f,0.04184100418410042,0.9922308546059934,0.9581945985941547,0.9752127266000741,True,True,True,2.0,0.078661
86728,2022-02-28,MTEX,MANNATECH INC,35.3,0.047478,1.1161039119596823,1.57,dvpsx_f,0.04447592067988669,0.9781724010358861,0.9644839067702553,0.9713281539030707,True,True,True,3.0,0.035071
18515,2022-02-28,MNRL,BRIGHAM MINERALS INC,22.78,0.05268,0.7112759507645474,1.13,dvpsx_f,0.049604916593503065,0.9433962264150944,0.9726230114687384,0.9580096189419164,True,True,True,4.0,0.141352
19098,2022-02-28,HESM,HESS MIDSTREAM L P,31.96,0.106155,0.6442763660613617,1.7348,dvpsx_f,0.054280350438047555,0.9359970403255642,0.9785423603403626,0.9572697003329633,True,True,True,5.0,-0.061327
25232,2022-02-28,OKE,ONEOK INC NEW,65.3,0.076137,0.5740518234615688,3.74,dvpsx_f,0.05727411944869832,0.9215686274509803,0.9815020347761746,0.9515353311135775,True,True,True,6.0,0.081623
16905,2022-02-28,FLMN,FALCON MINERALS CORP,5.74,0.138298,0.6258142201448391,0.255,dvpsx_f,0.04442508710801393,0.9337772844987051,0.9641139474657787,0.9489456159822419,True,True,True,7.0,0.174216
86818,2022-02-28,DHIL,DIAMOND HILL INVESTMENT GRP INC,193.88,0.038179,0.5365514710706965,12.0,dvpsx_f,0.061893955023726015,0.9104698483166852,0.9829818719940806,0.946725860155383,True,True,True,8.0,-0.026202
11850,2022-02-28,XOM,EXXON MOBIL CORP,78.42,0.043971,0.5260014237157371,3.48,dvpsx_f,0.04437643458301454,0.9078801331853497,0.9637439881613022,0.935812060673326,True,True,True,9.0,0.053175
21776,2022-02-28,EXC,EXELON CORP,42.56,0.045435,0.6207868636780569,1.53,dvpsx_f,0.03594924812030075,0.9319274879763226,0.9345172031076582,0.9332223455419904,True,True,True,10.0,0.119126
18515,2022-03-31,MNRL,BRIGHAM MINERALS INC,25.55,0.141352,0.8758278468321283,1.13,dvpsx_f,0.04422700587084148,0.9637305699481865,0.966321243523316,0.9650259067357513,True,True,True,1.0,-0.030137
14532,2022-03-31,AMRK,A MARK PRECIOUS METALS INC,77.34,0.078661,1.219918174196493,3.0,dvpsx_f,0.038789759503491075,0.9774241302738712,0.9507772020725389,0.964100666173205,True,True,True,2.0,0.018878
86728,2022-03-31,MTEX,MANNATECH INC,36.338,0.035071,0.8947107112231227,1.57,dvpsx_f,0.04320545984919368,0.9644707623982235,0.9637305699481865,0.964100666173205,True,True,True,3.0,-0.088574
92326,2022-03-31,CVI,C V R ENERGY,25.54,0.46866,0.6793984453558566,1.2,dvpsx_f,0.04698512137823023,0.9404145077720207,0.9715025906735751,0.955958549222798,True,True,True,4.0,-0.018403
16905,2022-03-31,FLMN,FALCON MINERALS CORP,6.74,0.174216,0.6794598004604455,0.255,dvpsx_f,0.037833827893175076,0.9407846039970392,0.9452257586972613,0.9430051813471503,True,True,True,5.0,0.008902
11850,2022-03-31,XOM,EXXON MOBIL CORP,82.59,0.053175,0.5651184243721554,3.48,dvpsx_f,0.0421358517980385,0.9167283493708365,0.962620281273131,0.9396743153219838,True,True,True,6.0,0.032207
25232,2022-03-31,OKE,ONEOK INC NEW,70.63,0.081623,0.4884537892142351,3.74,dvpsx_f,0.05295200339798953,0.8982235381199112,0.9774241302738712,0.9378238341968912,True,True,True,7.0,-0.090118
38156,2022-03-31,WMB,WILLIAMS COS,33.41,0.081682,0.49641674694079496,1.6,dvpsx_f,0.047889853337324165,0.9004441154700222,0.9722427831236121,0.9363434492968172,True,True,True,8.0,0.02634
19098,2022-03-31,HESM,HESS MIDSTREAM L P,30.0,-0.061327,0.44361745669900676,1.7348,dvpsx_f,0.057826666666666665,0.886380458919319,0.9822353811991118,0.9343079200592155,True,True,True,9.0,-0.019667
75233,2022-03-31,VGR,VECTOR GROUP LTD,12.04,0.091882,0.4046207155028707,0.8,dvpsx_f,0.0664451827242525,0.8704663212435233,0.9877868245743894,0.9291265729089564,True,True,True,10.0,0.056478
86728,2022-04-30,MTEX,MANNATECH INC,33.1194,-0.088574,0.8085292312440653,1.57,dvpsx_f,0.04740424041498337,0.9632606199770379,0.9659395331037122,0.964600076540375,True,True,True,1.0,-0.249986
75233,2022-04-30,VGR,VECTOR GROUP LTD,12.72,0.056478,0.5862921057688228,0.8,dvpsx_f,0.06289308176100629,0.9456563337160352,0.9827784156142365,0.9642173746651359,True,True,True,2.0,-0.032233
14532,2022-04-30,AMRK,A MARK PRECIOUS METALS INC,78.8,0.018878,1.1847521047380272,3.0,dvpsx_f,0.03807106598984772,0.9835438193647149,0.933027171833142,0.9582854955989284,True,True,True,3.0,-0.035152
18515,2022-04-30,MNRL,BRIGHAM MINERALS INC,24.78,-0.030137,0.5539378295491821,1.13,dvpsx_f,0.04560129136400322,0.9402985074626866,0.9617298124760811,0.9510141599693839,True,True,True,4.0,0.247377
92326,2022-04-30,CVI,C V R ENERGY,25.07,-0.018403,0.4851149771317129,1.2,dvpsx_f,0.04786597526924611,0.9318790662074244,0.967470340604669,0.9496747034060466,True,True,True,5.0,0.38931
38156,2022-04-30,WMB,WILLIAMS COS,34.29,0.02634,0.49359063375145706,1.6,dvpsx_f,0.04666083406240887,0.9334098737083811,0.9644087256027555,0.9489092996555684,True,True,True,6.0,0.080782
11850,2022-04-30,XOM,EXXON MOBIL CORP,85.25,0.032207,0.5757311044236892,3.48,dvpsx_f,0.04082111436950146,0.9445082280903176,0.9483352468427095,0.9464217374665136,True,True,True,7.0,0.136422
19098,2022-04-30,HESM,HESS MIDSTREAM L P,29.41,-0.019667,0.3927016680999271,1.7348,dvpsx_f,0.05898673920435226,0.9108304630692691,0.9785686949866055,0.9446995790279373,True,True,True,8.0,0.1268
13508,2022-04-30,NGVC,NATRL GROCERS BY VIT COTTAGE INC,20.39,0.040306,0.3301958987431506,2.28,dvpsx_f,0.07839261960009533,0.8947569843092231,0.9946421737466513,0.9446995790279372,True,True,True,9.0,-0.128985
16905,2022-04-30,FLMN,FALCON MINERALS CORP,6.8,0.008902,0.7134917962471528,0.255,dvpsx_f,0.0375,0.9567546880979717,0.9303482587064676,0.9435514734022197,True,True,True,10.0,0.116176
13508,2022-05-31,NGVC,NATRL GROCERS BY VIT COTTAGE INC,17.66,-0.128985,0.5102409104869878,2.28,dvpsx_f,0.07742115549424132,0.943733022894839,0.9945673263484672,0.9691501746216531,True,True,True,1.0,-0.096829
88534,2022-05-31,ISSC,INNOVATIVE SOLUTIONS & SUPRT INC,8.74,0.168449,0.5607159099097847,0.5,dvpsx_f,0.05720823798627002,0.9495537446643384,0.9786573535118355,0.964105549088087,True,True,True,2.0,-0.176201
75233,2022-05-31,VGR,VECTOR GROUP LTD,12.31,-0.032233,0.4570072817314992,0.8,dvpsx_f,0.06498781478472787,0.9340318199456733,0.983313930927435,0.9586728754365541,True,True,True,3.0,-0.130788
92326,2022-05-31,CVI,C V R ENERGY,34.43,0.38931,1.116980174012514,1.2,dvpsx_f,0.03485332558814987,0.9821497865735351,0.9216142801707412,0.9518820333721382,True,True,True,4.0,-0.027011
18515,2022-05-31,MNRL,BRIGHAM MINERALS INC,30.31,0.247377,0.7997427217773327,1.13,dvpsx_f,0.0372814252721874,0.9658517656189367,0.9359720605355064,0.9509119130772216,True,True,True,5.0,-0.187397
38156,2022-05-31,WMB,WILLIAMS COS,37.06,0.080782,0.49290135711916405,1.6,dvpsx_f,0.04317323259579061,0.940628637951106,0.9604190919674039,0.9505238649592549,True,True,True,6.0,-0.146384
11850,2022-05-31,XOM,EXXON MOBIL CORP,96.0,0.136422,0.7302392050864523,3.48,dvpsx_f,0.03625,0.9619712844392705,0.9293752425300738,0.9456732634846721,True,True,True,7.0,-0.107917
19098,2022-05-31,HESM,HESS MIDSTREAM L P,32.59,0.1268,0.37582980420701584,1.7348,dvpsx_f,0.05323105247008284,0.9154055102832751,0.9751649204501358,0.9452852153667055,True,True,True,8.0,-0.140841
14532,2022-05-31,AMRK,A MARK PRECIOUS METALS INC,76.03,-0.035152,0.47343302670081133,3.0,dvpsx_f,0.03945810864132579,0.9371362048894063,0.946837407838572,0.9419868063639891,True,True,True,9.0,-0.151651
16905,2022-05-31,FLMN,FALCON MINERALS CORP,7.41,0.116176,0.7839831831891535,0.255,dvpsx_f,0.03441295546558704,0.9646876212650368,0.9177337989910749,0.9412107101280558,True,True,True,10.0,-0.217949
92326,2022-06-30,CVI,C V R ENERGY,33.5,-0.027011,0.8869258260526247,4.8,dvpsx_f,0.10049729018798598,0.9881613022567518,0.9946355900850906,0.9913984461709212,True,True,True,1.0,0.001194
13508,2022-06-30,NGVC,NATRL GROCERS BY VIT COTTAGE INC,15.95,-0.096829,0.522759569526901,2.28,dvpsx_f,0.10049729018798598,0.9696633370329264,0.9946355900850906,0.9821494635590085,True,True,True,2.0,0.039498
16591,2022-06-30,LAUR,LAUREATE EDUCATION INC,11.57,-0.091123,0.42061840880252754,7.59,dvpsx_f,0.10049729018798598,0.9589345172031076,0.9946355900850906,0.9767850536440992,True,True,True,3.0,0.023336
14532,2022-06-30,AMRK,A MARK PRECIOUS METALS INC,32.25,-0.151651,0.4333166700897806,3.0,dvpsx_f,0.09302325581395349,0.9626341102478727,0.9855715871254163,0.9741028486866445,True,True,True,4.0,-0.060465
60687,2022-06-30,AFG,AMERICAN FINANCIAL GROUP INC NEW,138.81,-0.017622,0.327112384971165,28.06,dvpsx_f,0.10049729018798598,0.9367369589345172,0.9946355900850906,0.9656862745098039,True,True,True,5.0,-0.032923
76082,2022-06-30,CTRA,COTERRA ENERGY INC,25.79,-0.248762,0.6045800234264631,1.12,dvpsx_f,0.04342768514928267,0.97669256381798,0.9363669996300407,0.9565297817240104,True,True,True,6.0,0.186119
75825,2022-06-30,EOG,EOG RESOURCES INC,110.44,-0.180491,0.43891486202088736,4.6125,dvpsx_f,0.04176475914523723,0.9633740288568258,0.928597854236034,0.9459859415464299,True,True,True,7.0,0.013854
87137,2022-06-30,DVN,DEVON ENERGY CORP NEW,55.11,-0.247263,1.0292239763320623,1.97,dvpsx_f,0.03574668844129922,0.9918608953015169,0.8982611912689604,0.9450610432852387,True,True,True,8.0,0.140446
11850,2022-06-30,XOM,EXXON MOBIL CORP,85.64,-0.107917,0.4282672406116985,3.49,dvpsx_f,0.04075198505371322,0.9607843137254902,0.9245283018867925,0.9426563078061414,True,True,True,9.0,0.131831
20161,2022-06-30,OAS,OASIS PETROLEUM INC,121.65,-0.233604,0.33420702312017303,5.625,dvpsx_f,0.04623921085080148,0.9385867554568997,0.946725860155383,0.9426563078061414,True,True,True,10.0,0.177476
92326,2022-07-31,CVI,C V R ENERGY,33.54,0.001194,1.4838692831236884,4.8,dvpsx_f,0.106120923151642,0.9920920201294033,0.994608195542775,0.9933501078360891,True,True,True,1.0,0.063208
13508,2022-07-31,NGVC,NATRL GROCERS BY VIT COTTAGE INC,16.58,0.039498,0.5206092089325267,2.28,dvpsx_f,0.106120923151642,0.9446441409058232,0.994608195542775,0.969626168224299,True,True,True,2.0,-0.127865
13766,2022-07-31,BCC,BOISE CASCADE CO,70.71,0.188603,0.5028741497053766,5.42,dvpsx_f,0.07665111016829303,0.9424874191229331,0.9820273184759166,0.9622573687994249,True,True,True,3.0,-0.116815
16591,2022-07-31,LAUR,LAUREATE EDUCATION INC,11.84,0.023336,0.4243221005612401,7.59,dvpsx_f,0.106120923151642,0.9277498202731848,0.994608195542775,0.9611790079079798,True,True,True,4.0,-0.069257
12437,2022-07-31,RFP,RESOLUTE FOREST PRODUCTS INC,20.28,0.589342,0.6984916377859558,1.0,dvpsx_f,0.049309664694280074,0.9626168224299065,0.9568655643421998,0.9597411933860531,True,True,True,5.0,-0.000986
20161,2022-07-31,CHRD,CHORD ENERGY CORP,128.24001,0.177476,0.6504407124491902,5.625,dvpsx_f,0.043863065824776525,0.9586628324946082,0.9450035945363048,0.9518332135154565,True,True,True,6.0,0.113537
16673,2022-07-31,KNTK,KINETIK HOLDINGS INC,40.68,0.191564,0.35822924246147525,6.0,dvpsx_f,0.106120923151642,0.907979870596693,0.994608195542775,0.951294033069734,True,True,True,7.0,-0.075221
76082,2022-07-31,CTRA,COTERRA ENERGY INC,30.59,0.186119,1.076892613115271,1.12,dvpsx_f,0.03661327231121282,0.9841840402588066,0.9155283968368081,0.9498562185478073,True,True,True,8.0,0.03171
75825,2022-07-31,EOG,EOG RESOURCES INC,111.22,0.013854,0.6389156073873672,4.6125,dvpsx_f,0.041471857579572016,0.9565061107117182,0.9396117900790798,0.948058950395399,True,True,True,9.0,0.090631
18515,2022-07-31,MNRL,BRIGHAM MINERALS INC,26.55,0.077954,0.45607900059051865,1.33,dvpsx_f,0.050094161958568736,0.9356578001437814,0.9590222861250899,0.9473400431344356,True,True,True,10.0,0.149529
92326,2022-08-31,CVI,C V R ENERGY,32.66,0.063208,1.5051577803371656,4.8,dvpsx_f,0.11055026141124992,0.992100538599641,0.9949730700179533,0.9935368043087971,True,True,True,1.0,-0.112676
49429,2022-08-31,DDS,DILLARDS INC,296.23999,0.303013,0.6465329206618784,15.7,dvpsx_f,0.0529975713272202,0.9583482944344703,0.9612208258527828,0.9597845601436266,True,True,True,2.0,-0.078585
12437,2022-08-31,RFP,RESOLUTE FOREST PRODUCTS INC,20.26,-0.000986,0.6538773084712601,1.0,dvpsx_f,0.04935834155972359,0.9594254937163376,0.9576301615798922,0.9585278276481148,True,True,True,3.0,-0.012833
18515,2022-08-31,MNRL,BRIGHAM MINERALS INC,29.75,0.149529,0.6884200009984613,1.33,dvpsx_f,0.04470588235294118,0.9622980251346499,0.9461400359066428,0.9542190305206464,True,True,True,4.0,-0.170756
14532,2022-08-31,AMRK,A MARK PRECIOUS METALS INC,30.91,0.020132,0.3168400636430275,3.0,dvpsx_f,0.09705596894208994,0.911310592459605,0.9877917414721723,0.9495511669658887,True,True,True,5.0,-0.049175
20161,2022-08-31,CHRD,CHORD ENERGY CORP,141.55,0.113537,0.9381022731278992,5.625,dvpsx_f,0.03973860826563052,0.9763016157989228,0.9228007181328546,0.9495511669658887,True,True,True,6.0,-0.033769
38156,2022-08-31,WMB,WILLIAMS COS,34.03,-0.00176,0.4598259681019905,1.64,dvpsx_f,0.048192771084337345,0.940394973070018,0.955834829443447,0.9481149012567325,True,True,True,7.0,-0.146195
75825,2022-08-31,EOG,EOG RESOURCES INC,121.3,0.090631,0.9288171020250053,4.6125,dvpsx_f,0.03802555647155812,0.9759425493716337,0.9131059245960502,0.944524236983842,True,True,True,8.0,-0.066529
76082,2022-08-31,CTRA,COTERRA ENERGY INC,30.91,0.03171,1.1427508778771558,1.12,dvpsx_f,0.03623422840504691,0.984560143626571,0.9030520646319569,0.9438061041292639,True,True,True,9.0,-0.154966
11850,2022-08-31,XOM,EXXON MOBIL CORP,95.59,-0.004746,0.8322517574918311,3.49,dvpsx_f,0.0365100951982425,0.9712746858168761,0.9059245960502693,0.9385996409335727,True,True,True,10.0,-0.08662
92326,2022-09-30,CVI,C V R ENERGY,28.98,-0.112676,0.9213433167723715,4.8,dvpsx_f,0.13584311910684327,0.9892949427833149,0.9953857511997047,0.9923403469915097,True,True,True,1.0,0.347826
49429,2022-09-30,DDS,DILLARDS INC,272.76001,-0.078585,0.6729651213936321,15.7,dvpsx_f,0.05755975738525599,0.9811738648947951,0.9575489110372831,0.9693613879660391,True,True,True,2.0,0.205419
12437,2022-09-30,RFP,RESOLUTE FOREST PRODUCTS INC,20.0,-0.012833,0.6806732984551076,1.0,dvpsx_f,0.05,0.9819121447028424,0.9472129937246216,0.9645625692137321,True,True,True,3.0,0.0405
18515,2022-09-30,MNRL,BRIGHAM MINERALS INC,24.67,-0.170756,0.3971892354274533,1.33,dvpsx_f,0.053911633563032024,0.9538575119970469,0.952750092284976,0.9533038021410114,True,True,True,4.0,0.256587
20161,2022-09-30,CHRD,CHORD ENERGY CORP,136.77,-0.033769,0.6309906176495144,5.625,dvpsx_f,0.0411274402281202,0.9767441860465116,0.9099298634182356,0.9433370247323736,True,True,True,5.0,0.119324
64390,2022-09-30,PGR,PROGRESSIVE CORP OH,116.21,-0.052507,0.30936972996808576,6.4,dvpsx_f,0.055072713191635835,0.9317091177556294,0.9545957918050941,0.9431524547803618,True,True,True,6.0,0.105757
16591,2022-09-30,LAUR,LAUREATE EDUCATION INC,10.55,0.032668,0.19332920155265598,7.59,dvpsx_f,0.13584311910684327,0.8881506090808416,0.9953857511997047,0.9417681801402732,True,True,True,7.0,0.198104
75825,2022-09-30,EOG,EOG RESOURCES INC,111.73,-0.066529,0.5145060988754386,4.6125,dvpsx_f,0.04128255616217667,0.9667774086378738,0.9110372831303064,0.9389073458840901,True,True,True,8.0,0.228587
13766,2022-09-30,BCC,BOISE CASCADE CO,59.46,-0.046045,0.19774653904091544,5.42,dvpsx_f,0.09115371678439287,0.890734588409007,0.9841269841269841,0.9374307862679956,True,True,True,9.0,0.12294
11850,2022-09-30,XOM,EXXON MOBIL CORP,87.31,-0.08662,0.5511990418288479,3.49,dvpsx_f,0.039972511739777804,0.9689922480620154,0.9036544850498339,0.9363233665559247,True,True,True,10.0,0.269156
92326,2022-10-31,CVI,C V R ENERGY,39.06,0.347826,1.2505661770392975,4.8,dvpsx_f,0.1224195421677719,0.9937384898710866,0.9953959484346224,0.9945672191528545,True,True,True,1.0,-0.020737
12437,2022-10-31,RFP,RESOLUTE FOREST PRODUCTS INC,20.81,0.0405,0.7695594337809724,1.0,dvpsx_f,0.04805382027871216,0.9738489871086556,0.9513812154696133,0.9626151012891344,True,True,True,2.0,0.013936
16591,2022-10-31,LAUR,LAUREATE EDUCATION INC,12.64,0.198104,0.4024918897229546,7.59,dvpsx_f,0.1224195421677719,0.9285451197053407,0.9953959484346224,0.9619705340699816,True,True,True,3.0,-0.117089
49429,2022-10-31,DDS,DILLARDS INC,328.79001,0.205419,0.5051824981621633,15.7,dvpsx_f,0.047750842551451,0.9476979742173113,0.9502762430939227,0.948987108655617,True,True,True,4.0,0.094011
88534,2022-10-31,ISSC,INNOVATIVE SOLUTIONS & SUPRT INC,9.5,0.100811,0.4053271575410795,0.5,dvpsx_f,0.05263157894736842,0.9296500920810313,0.958011049723757,0.9438305709023942,True,True,True,5.0,-0.031579
75233,2022-10-31,VGR,VECTOR GROUP LTD,10.62,0.205448,0.3187765571222694,0.8,dvpsx_f,0.07532956685499059,0.903499079189687,0.980110497237569,0.941804788213628,True,True,True,6.0,0.045198
16673,2022-10-31,KNTK,KINETIK HOLDINGS INC,36.78,0.128913,0.265026905299919,6.0,dvpsx_f,0.1224195421677719,0.8847145488029466,0.9953959484346224,0.9400552486187845,True,True,True,7.0,-0.054377
64390,2022-10-31,PGR,PROGRESSIVE CORP OH,128.39999,0.105757,0.37787619149614726,6.4,dvpsx_f,0.049844240642074815,0.9248618784530387,0.9539594843462247,0.9394106813996317,True,True,True,8.0,0.029206
13766,2022-10-31,BCC,BOISE CASCADE CO,66.77,0.12294,0.2822847960311121,5.42,dvpsx_f,0.0811741800209675,0.8917127071823204,0.9834254143646409,0.9375690607734807,True,True,True,9.0,0.126105
18515,2022-10-31,MNRL,BRIGHAM MINERALS INC,31.0,0.256587,0.45120880746601766,1.33,dvpsx_f,0.04290322580645162,0.9373848987108656,0.9351749539594844,0.936279926335175,True,True,True,10.0,0.169032
92326,2022-11-30,CVI,C V R ENERGY,36.85,-0.020737,1.706514959880577,4.8,dvpsx_f,0.12918649312427188,0.994060876020787,0.9955456570155902,0.9948032665181885,True,True,True,1.0,-0.149525
12437,2022-11-30,RFP,RESOLUTE FOREST PRODUCTS INC,21.1,0.013936,0.8656074844423303,1.0,dvpsx_f,0.04739336492890995,0.9743875278396437,0.9550853749072011,0.9647364513734225,True,True,True,2.0,0.023223
18515,2022-11-30,MNRL,BRIGHAM MINERALS INC,35.43,0.169032,0.8584634757394527,1.33,dvpsx_f,0.037538808918995206,0.9740163325909429,0.9161098737936154,0.9450631031922792,True,True,True,3.0,
90371,2022-11-30,BBW,BUILD A BEAR WORKSHOP INC,23.75,0.350199,0.48129417309574385,1.25,dvpsx_f,0.05263157894736842,0.923162583518931,0.9602821083890126,0.9417223459539719,True,True,True,4.0,0.003789
16750,2022-11-30,SOI,SOLARIS OILFIELD INFRSTR INC,10.97,-0.194567,0.6791631697359441,0.42,dvpsx_f,0.03828623518687329,0.9539717891610987,0.9205642167780252,0.9372680029695619,True,True,True,5.0,-0.085232
64390,2022-11-30,PGR,PROGRESSIVE CORP OH,132.14999,0.029206,0.4477199738503006,6.4,dvpsx_f,0.048429818269377096,0.9179658500371195,0.9561989606533037,0.9370824053452116,True,True,True,6.0,-0.018464
88534,2022-11-30,ISSC,INNOVATIVE SOLUTIONS & SUPRT INC,9.2,-0.031579,0.38554451750788976,0.5,dvpsx_f,0.05434782608695653,0.9001484780994803,0.9628804751299184,0.9315144766146993,True,True,True,7.0,-0.106522
76082,2022-11-30,CTRA,COTERRA ENERGY INC,27.91,-0.081593,0.5098687414567082,1.12,dvpsx_f,0.0401289860265138,0.9302152932442465,0.9302152932442465,0.9302152932442465,True,True,True,8.0,-0.11967
19098,2022-11-30,HESM,HESS MIDSTREAM L P,31.23,0.098573,0.35283459623842184,1.9143,dvpsx_f,0.06129682997118155,0.8871566443949518,0.9717891610987379,0.9294729027468449,True,True,True,9.0,-0.041947
79037,2022-11-30,ETD,ETHAN ALLEN INTERIORS INC,28.45,0.111762,0.3556065269204438,1.71,dvpsx_f,0.06010544815465729,0.8890126206384559,0.9699331848552338,0.9294729027468449,True,True,True,10.0,-0.060106
92326,2022-12-31,CVI,C V R ENERGY,31.34,-0.149525,1.1375047689000128,4.8,dvpsx_f,0.13750925951118892,0.987603305785124,0.9953042824943651,0.9914537941397445,True,True,True,1.0,0.059349
83411,2022-12-31,EPM,EVOLUTION PETROLEUM CORP,7.55,0.060858,0.5964681658909867,0.35,dvpsx_f,0.046357615894039736,0.9605559729526671,0.9451540195341849,0.9528549962434261,True,True,True,2.0,-0.17351
16750,2022-12-31,SOI,SOLARIS OILFIELD INFRSTR INC,9.93,-0.085232,0.578745051870964,0.42,dvpsx_f,0.04229607250755287,0.959053343350864,0.9308790383170549,0.9449661908339595,True,True,True,3.0,0.066465
12437,2022-12-31,RFP,RESOLUTE FOREST PRODUCTS INC,21.59,0.023223,0.4138847706511388,1.0,dvpsx_f,0.04631773969430292,0.9368895567242674,0.944778362133734,0.9408339594290007,True,True,True,4.0,0.005558
49429,2022-12-31,DDS,DILLARDS INC,323.20001,-0.059216,0.384409431367311,15.7,dvpsx_f,0.048576731170274404,0.9290007513148009,0.9519158527422991,0.94045830202855,True,True,True,5.0,0.216924
76082,2022-12-31,CTRA,COTERRA ENERGY INC,24.57,-0.11967,0.40473650192248467,1.12,dvpsx_f,0.045584045584045586,0.9346356123215628,0.9436513899323816,0.9391435011269722,True,True,True,6.0,0.018722
92245,2022-12-31,AROC,ARCHROCK INC,8.98,0.030999,0.28438314550515087,0.58,dvpsx_f,0.06458797327394208,0.9042073628850489,0.9718256949661909,0.9380165289256199,True,True,True,7.0,0.103564
38156,2022-12-31,WMB,WILLIAMS COS,32.9,-0.039625,0.3331936852860047,1.64,dvpsx_f,0.04984802431610942,0.9184823441021788,0.9541697971450037,0.9363260706235912,True,True,True,8.0,-0.020061
88534,2022-12-31,ISSC,INNOVATIVE SOLUTIONS & SUPRT INC,8.22,-0.106522,0.2530502943603683,0.5,dvpsx_f,0.0608272506082725,0.8918106686701728,0.9691960931630353,0.9305033809166041,True,True,True,9.0,0.012165
75825,2022-12-31,EOG,EOG RESOURCES INC,129.52,-0.076869,0.5711197307813185,4.6125,dvpsx_f,0.035612260654725135,0.9579263711495116,0.9019534184823441,0.9299398948159279,True,True,True,10.0,0.027448
92326,2023-01-31,CVI,C V R ENERGY,33.2,0.059349,0.9489981050495044,4.8,dvpsx_f,0.12035581219671415,0.9746136865342163,0.9950331125827815,0.984823399558499,True,True,True,1.0,-0.044277
20765,2023-01-31,AJRD,AEROJET ROCKETDYNE HOLDINGS INC,55.92,-0.000179,0.44907915710628377,5.0,dvpsx_f,0.08941344778254649,0.920897718910964,0.9856512141280354,0.9532744665194997,True,True,True,2.0,0.007511
12437,2023-01-31,RFP,RESOLUTE FOREST PRODUCTS INC,21.71,0.005558,0.5939807299849404,1.0,dvpsx_f,0.046061722708429294,0.9448123620309051,0.9506990434142752,0.9477557027225902,True,True,True,3.0,0.009673
49429,2023-01-31,DDS,DILLARDS INC,393.31,0.216924,0.6269528480804418,15.7,dvpsx_f,0.03991762223182731,0.9499632082413539,0.9330389992641648,0.9415011037527594,True,True,True,4.0,-0.093819
90371,2023-01-31,BBW,BUILD A BEAR WORKSHOP INC,24.56,0.030201,0.37668101882865046,1.25,dvpsx_f,0.050895765472312705,0.8951434878587197,0.9613686534216336,0.9282560706401766,True,True,True,5.0,-0.146987
16750,2023-01-31,SOI,SOLARIS OILFIELD INFRSTR INC,10.59,0.066465,0.43036086322693956,0.42,dvpsx_f,0.039660056657223795,0.9161147902869757,0.9319352465047829,0.9240250183958794,True,True,True,6.0,-0.156752
77584,2023-01-31,BKE,BUCKLE INC,44.0,0.036384,0.2887442235992297,6.99,dvpsx_f,0.12035581219671415,0.8513612950699043,0.9950331125827815,0.923197203826343,True,True,True,7.0,-0.072955
79033,2023-01-31,SGA,SAGA COMMUNICATIONS INC,25.25,0.069915,0.4010746243631609,0.98,dvpsx_f,0.03881188118811881,0.9043414275202355,0.9264164827078735,0.9153789551140545,True,True,True,8.0,-0.049505
26614,2023-01-31,SJI,SOUTH JERSEY INDS INC,36.09,0.015761,0.49515685801539067,1.2175,dvpsx_f,0.033735106677750065,0.9308314937454011,0.8958793230316409,0.9133554083885209,True,True,True,9.0,
41217,2023-01-31,HVT,HAVERTY FURNITURE COS INC,34.92,0.167893,0.2703018369422989,2.97,dvpsx_f,0.08505154639175258,0.8381162619573216,0.984915378955114,0.9115158204562178,True,True,True,10.0,0.080756
92326,2023-02-28,CVI,C V R ENERGY,31.73,-0.044277,1.0919249975598477,4.8,dvpsx_f,0.12819923169372094,0.9825148809523809,0.9951636904761905,0.9888392857142857,True,True,True,1.0,0.04885
12437,2023-02-28,RFP,RESOLUTE FOREST PRODUCTS INC,21.92,0.009673,0.7578209145020671,1.0,dvpsx_f,0.04562043795620438,0.9654017857142857,0.9471726190476191,0.9562872023809523,True,True,True,2.0,
20765,2023-02-28,AJRD,AEROJET ROCKETDYNE HOLDINGS INC,56.34,0.007511,0.4539351754180263,5.0,dvpsx_f,0.08874689385871494,0.9237351190476191,0.984375,0.9540550595238095,True,True,True,3.0,-0.003017
41217,2023-02-28,HVT,HAVERTY FURNITURE COS INC,37.74,0.080756,0.42652658472524996,2.97,dvpsx_f,0.07869634340222575,0.9129464285714286,0.9821428571428571,0.9475446428571428,True,True,True,4.0,-0.147059
78211,2023-02-28,UVE,UNIVERSAL INSURANCE HOLDINGS INC,19.33,0.517268,0.7834556933977148,0.77,dvpsx_f,0.03983445421624419,0.9661458333333334,0.9270833333333334,0.9466145833333334,True,True,True,5.0,-0.049146
49429,2023-02-28,DDS,DILLARDS INC,356.41,-0.093819,0.4920135151566867,15.7,dvpsx_f,0.04405039140315928,0.9315476190476191,0.9415922619047619,0.9365699404761905,True,True,True,6.0,-0.136163
89655,2023-02-28,NVEC,N V E CORP,75.98,0.042679,0.4213469121069322,4.0,dvpsx_f,0.052645433008686494,0.9118303571428571,0.9613095238095238,0.9365699404761905,True,True,True,7.0,0.092261
92245,2023-02-28,AROC,ARCHROCK INC,11.07,0.13219,0.41302409854229816,0.58,dvpsx_f,0.05239385727190605,0.9084821428571429,0.9605654761904762,0.9345238095238095,True,True,True,8.0,-0.117434
90963,2023-02-28,AMSF,AMERISAFE INC,54.54,-0.009804,0.2777631278720101,5.16,dvpsx_f,0.09460946094609461,0.8604910714285714,0.9858630952380952,0.9231770833333333,True,True,True,9.0,-0.09626
16591,2023-02-28,LAUR,LAUREATE EDUCATION INC,11.86,0.080146,0.2567479468056759,7.59,dvpsx_f,0.12819923169372094,0.8474702380952381,0.9951636904761905,0.9213169642857143,True,True,True,10.0,-0.008432
46463,2023-03-31,GFF,GRIFFON CORP,32.01,-0.122292,0.7238692840316676,2.36,dvpsx_f,0.07372696032489846,0.9725505146778498,0.9752192146397255,0.9738848646587877,True,True,True,1.0,-0.111215
92326,2023-03-31,CVI,C V R ENERGY,32.78,0.04885,0.4939574399048432,4.8,dvpsx_f,0.12969507630290783,0.944719786504003,0.9956157072054899,0.9701677468547465,True,True,True,2.0,-0.196461
22812,2023-03-31,BRBR,BELLRING BRANDS INC NEW,34.0,0.101036,0.4731358369046075,2.97,dvpsx_f,0.08735294117647059,0.9405261151353412,0.9832253145253527,0.961875714830347,True,True,True,3.0,0.05853
20765,2023-03-31,AJRD,AEROJET ROCKETDYNE HOLDINGS INC,56.17,-0.003017,0.42744607792322653,5.0,dvpsx_f,0.08901548869503294,0.931757529546321,0.9836065573770492,0.9576820434616851,True,True,True,4.0,0.004273
89655,2023-03-31,NVEC,N V E CORP,82.99,0.092261,0.6302906829919879,4.0,dvpsx_f,0.048198578141944816,0.9622569576820434,0.9370949294700724,0.949675943576058,True,True,True,5.0,-0.091336
90464,2023-03-31,SPOK,SPOK HOLDINGS INC,10.13,0.045295,0.4809556310167349,0.5,dvpsx_f,0.04935834155972359,0.9424323293938238,0.9412886008387342,0.941860465116279,True,True,True,6.0,0.207305
89540,2023-03-31,DKS,DICKS SPORTING GOODS INC,141.89,0.110861,0.450408826172606,7.1,dvpsx_f,0.0500387624215942,0.9370949294700724,0.9435760579489134,0.940335493709493,True,True,True,7.0,0.021989
90371,2023-03-31,BBW,BUILD A BEAR WORKSHOP INC,23.24,0.180907,0.3533909841167895,1.25,dvpsx_f,0.05378657487091222,0.9111704155547083,0.9527258863896302,0.9319481509721692,True,True,True,8.0,-0.001721
41217,2023-03-31,HVT,HAVERTY FURNITURE COS INC,31.91,-0.147059,0.24928308830317247,2.97,dvpsx_f,0.09307427138827955,0.8719024018299657,0.9843690430804423,0.928135722455204,True,True,True,9.0,-0.055469
78211,2023-03-31,UVE,UNIVERSAL INSURANCE HOLDINGS INC,18.22,-0.049146,0.43615491574327026,0.77,dvpsx_f,0.04226125137211856,0.9344262295081968,0.9176515440335493,0.9260388867708731,True,True,True,10.0,-0.153677
19312,2023-04-30,UWMC,U W M HOLDINGS CORP,6.0,0.221996,0.8077269936872375,0.4,dvpsx_f,0.06666666666666667,0.9606419564386702,0.9701948796331678,0.965418418035919,True,True,True,1.0,-0.145
22812,2023-04-30,BRBR,BELLRING BRANDS INC NEW,35.99,0.05853,0.679422038384802,2.97,dvpsx_f,0.08252292303417616,0.946503630110814,0.9789835689721055,0.9627435995414597,True,True,True,2.0,0.017505
46463,2023-04-30,GFF,GRIFFON CORP,28.45,-0.111215,0.6402428025381528,2.36,dvpsx_f,0.08295254833040422,0.9411539931218953,0.9793656858998854,0.9602598395108903,True,True,True,3.0,0.182601
89655,2023-04-30,NVEC,N V E CORP,75.41,-0.091336,0.7397824173616139,4.0,dvpsx_f,0.053043362949210984,0.9526175009552923,0.9445930454719144,0.9486052732136033,True,True,True,4.0,0.198382
20765,2023-04-30,AJRD,AEROJET ROCKETDYNE HOLDINGS INC,56.41,0.004273,0.41095614709913475,5.0,dvpsx_f,0.08863676653075696,0.8968284294994269,0.9812762705387849,0.9390523500191059,True,True,True,5.0,-0.034214
90464,2023-04-30,SPOK,SPOK HOLDINGS INC,12.23,0.207305,1.0738325917087526,0.5,dvpsx_f,0.04088307440719542,0.9736339319831868,0.9006495987772258,0.9371417653802063,True,True,True,6.0,-0.009607
89540,2023-04-30,DKS,DICKS SPORTING GOODS INC,145.00999,0.021989,0.5376463717082098,7.1,dvpsx_f,0.048962143918498305,0.9239587313717997,0.9335116545662973,0.9287351929690485,True,True,True,7.0,-0.120681
90963,2023-04-30,AMSF,AMERISAFE INC,55.65,0.136874,0.325790770052119,5.16,dvpsx_f,0.092722371967655,0.8612915552158961,0.9831868551776843,0.9222392051967903,True,True,True,8.0,-0.08248
41217,2023-04-30,HVT,HAVERTY FURNITURE COS INC,30.14,-0.055469,0.30307075939859707,2.97,dvpsx_f,0.09854014598540146,0.8456247611769201,0.9854795567443638,0.9155521589606419,True,True,True,9.0,-0.124419
16591,2023-04-30,LAUR,LAUREATE EDUCATION INC,12.39,0.053571,0.25612745148800053,7.59,dvpsx_f,0.13362401965337206,0.8165838746656476,0.9954145968666412,0.9059992357661444,True,True,True,10.0,-0.023406
91678,2023-05-31,TAST,CARROLS RESTAURANT GROUP INC,5.5,0.428571,1.9891294091973544,0.82,dvpsx_f,0.14909090909090908,0.9881814715974075,0.9897064430041936,0.9889439573008005,True,True,True,1.0,-0.083636
13712,2023-05-31,UIHC,UNITED INSURANCE HOLDINGS CORP,5.26,0.273608,2.076017793009654,0.24,dvpsx_f,0.045627376425855515,0.9889439573008006,0.9096454441479223,0.9492947007243615,True,True,True,2.0,-0.152091
89540,2023-05-31,DKS,DICKS SPORTING GOODS INC,127.51,-0.120681,0.6049209101014779,7.1,dvpsx_f,0.05568190730138812,0.9268013724742661,0.9397636294319481,0.9332825009531072,True,True,True,3.0,0.044546
89655,2023-05-31,NVEC,N V E CORP,89.37,0.198382,0.9163449812289188,4.0,dvpsx_f,0.04475774868524113,0.9569195577582921,0.905833015630957,0.9313762866946245,True,True,True,4.0,0.090299
19312,2023-05-31,UWMC,U W M HOLDINGS CORP,5.13,-0.145,0.41585221885760193,0.4,dvpsx_f,0.07797270955165693,0.8791460160121998,0.9744567289363324,0.9268013724742661,True,True,True,5.0,0.111111
22812,2023-05-31,BRBR,BELLRING BRANDS INC NEW,36.62,0.017505,0.4003831349317426,2.97,dvpsx_f,0.08110322228290552,0.8760960731986275,0.9771254288982082,0.9266107510484178,True,True,True,6.0,-0.000546
90464,2023-05-31,SPOK,SPOK HOLDINGS INC,11.8,-0.009607,0.9245343826602537,0.5,dvpsx_f,0.0423728813559322,0.9576820434616851,0.8936332443766679,0.9256576439191765,True,True,True,7.0,0.126271
20765,2023-05-31,AJRD,AEROJET ROCKETDYNE HOLDINGS INC,54.48,-0.034214,0.33726037377678875,5.0,dvpsx_f,0.09177679882525698,0.8536027449485322,0.9809378574151735,0.9172703011818528,True,True,True,8.0,0.007159
12615,2023-05-31,FF,FUTUREFUEL CORP,8.49,0.14,0.21535109835520672,2.74,dvpsx_f,0.15344077852733667,0.7933663743804804,0.9952344643537934,0.8943004193671369,True,True,True,9.0,0.042403
16019,2023-05-31,RRR,RED ROCK RESORTS INC,45.59,-0.065779,0.23563224171427288,3.0,dvpsx_f,0.06580390436499232,0.8093785741517346,0.9599695005718643,0.8846740373617994,True,True,True,10.0,0.031586
90464,2023-06-30,SPOK,SPOK HOLDINGS INC,13.29,0.126271,1.4187083583305493,1.25,dvpsx_f,0.09405568096313018,0.96875,0.9836309523809523,0.9761904761904762,True,True,True,1.0,0.103085
19312,2023-06-30,UWMC,U W M HOLDINGS CORP,5.6,0.111111,0.7503674205683235,0.4,dvpsx_f,0.07142857142857144,0.9017857142857143,0.9672619047619048,0.9345238095238095,True,True,True,2.0,0.171429
89540,2023-06-30,DKS,DICKS SPORTING GOODS INC,132.19,0.044546,0.7951426571651012,7.1,dvpsx_f,0.053710568121643085,0.9099702380952381,0.9334077380952381,0.9216889880952381,True,True,True,3.0,0.066647
89655,2023-06-30,NVEC,N V E CORP,97.44,0.090299,1.2166702207652502,4.0,dvpsx_f,0.041050903119868636,0.9575892857142857,0.8805803571428571,0.9190848214285714,True,True,True,4.0,-0.176827
20161,2023-06-30,CHRD,CHORD ENERGY CORP,153.8,0.075224,0.5449488454429434,27.03,dvpsx_f,0.12286875720859572,0.8381696428571429,0.9951636904761905,0.9166666666666667,True,True,True,5.0,0.019766
46463,2023-06-30,GFF,GRIFFON CORP,40.3,0.278553,0.6508153272046882,2.36,dvpsx_f,0.058560794044665014,0.8787202380952381,0.9464285714285714,0.9125744047619048,True,True,True,6.0,0.035236
18150,2023-06-30,ETRN,EQUITRANS MIDSTREAM CORP,9.56,0.12075,0.6214741281167044,0.6,dvpsx_f,0.06276150627615062,0.8683035714285714,0.9553571428571429,0.9118303571428572,True,True,True,7.0,0.084728
16437,2023-06-30,CWH,CAMPING WORLD HOLDINGS INC,30.1,0.140074,0.5439651869390394,2.5,dvpsx_f,0.08305647840531562,0.8374255952380952,0.9758184523809523,0.9066220238095237,True,True,True,8.0,0.06412
13116,2023-06-30,CIVI,CIVITAS RESOURCES INC,69.37,0.07021,0.502430321729106,6.2875,dvpsx_f,0.09063716303877756,0.8191964285714286,0.9821428571428571,0.9006696428571428,True,True,True,9.0,0.079141
81222,2023-06-30,UPBD,UPBOUND GROUP INC,31.13,0.052156,0.6904604977843565,1.36,dvpsx_f,0.04368776100224864,0.8876488095238095,0.8939732142857143,0.8908110119047619,True,True,True,10.0,0.112432
90464,2023-07-31,SPOK,SPOK HOLDINGS INC,14.66,0.103085,1.5429142698850873,1.25,dvpsx_f,0.08526603001364257,0.9841911764705882,0.9823529411764705,0.9832720588235293,True,True,True,1.0,-0.007333
19312,2023-07-31,UWMC,U W M HOLDINGS CORP,6.56,0.171429,0.9253380906811912,0.4,dvpsx_f,0.06097560975609757,0.950735294117647,0.9608455882352941,0.9557904411764706,True,True,True,2.0,-0.091463
22812,2023-07-31,BRBR,BELLRING BRANDS INC NEW,35.95,-0.01776,0.4892311603878654,2.97,dvpsx_f,0.08261474269819193,0.8650735294117647,0.9797794117647058,0.9224264705882352,True,True,True,3.0,0.154381
82800,2023-07-31,SCCO,SOUTHERN COPPER CORP,87.44,0.218846,0.8501216559098008,3.5,dvpsx_f,0.040027447392497716,0.9419117647058823,0.8977941176470589,0.9198529411764707,True,True,True,4.0,-0.066103
49429,2023-07-31,DDS,DILLARDS INC,343.04001,0.051367,0.5829786760493811,15.8,dvpsx_f,0.04605876731405179,0.9014705882352941,0.9227941176470589,0.9121323529411764,True,True,True,5.0,0.006063
13116,2023-07-31,CIVI,CIVITAS RESOURCES INC,74.86,0.079141,0.43791641744466236,6.2875,dvpsx_f,0.08399011488111141,0.8426470588235294,0.98125,0.9119485294117646,True,True,True,6.0,0.098317
46463,2023-07-31,GFF,GRIFFON CORP,41.72,0.035236,0.49649467997039576,2.36,dvpsx_f,0.05656759348034516,0.8702205882352941,0.9518382352941176,0.9110294117647059,True,True,True,7.0,0.006592
89655,2023-07-31,NVEC,N V E CORP,79.21,-0.176827,0.5212387613333997,4.0,dvpsx_f,0.050498674409796745,0.8783088235294118,0.9408088235294118,0.9095588235294118,True,True,True,8.0,0.116652
79037,2023-07-31,ETD,ETHAN ALLEN INTERIORS INC,31.47,0.112801,0.46958422339055406,1.9,dvpsx_f,0.06037496027963139,0.8580882352941176,0.9591911764705883,0.908639705882353,True,True,True,9.0,0.024468
92245,2023-07-31,AROC,ARCHROCK INC,11.66,0.137561,0.4756743104492003,0.58,dvpsx_f,0.0497427101200686,0.8606617647058824,0.9356617647058824,0.8981617647058824,True,True,True,10.0,0.110206
90464,2023-08-31,SPOK,SPOK HOLDINGS INC,14.24,-0.007333,1.2210201001676322,1.25,dvpsx_f,0.08778089887640449,0.9760658189977561,0.9790575916230366,0.9775617053103964,True,True,True,1.0,0.002107
19312,2023-08-31,UWMC,U W M HOLDINGS CORP,5.96,-0.091463,0.8217236327948596,0.4,dvpsx_f,0.06711409395973154,0.9454001495886313,0.9652206432311145,0.9553103964098728,True,True,True,2.0,-0.169463
22812,2023-08-31,BRBR,BELLRING BRANDS INC NEW,41.5,0.154381,0.7517953737212417,2.97,dvpsx_f,0.07156626506024097,0.9326851159311892,0.968212415856395,0.9504487658937921,True,True,True,3.0,-0.006506
89655,2023-08-31,NVEC,N V E CORP,88.45,0.116652,0.8393593084328665,4.0,dvpsx_f,0.04522328999434709,0.9483919222139118,0.9081899775617053,0.9282909498878085,True,True,True,4.0,-0.07134
92245,2023-08-31,AROC,ARCHROCK INC,12.79,0.110206,0.8350717074850658,0.58,dvpsx_f,0.04534792806880375,0.9476439790575916,0.9087509349289454,0.9281974569932685,True,True,True,5.0,-0.014855
16591,2023-08-31,LAUR,LAUREATE EDUCATION INC,13.93,0.086584,0.4519845110977654,1.51,dvpsx_f,0.10839913854989232,0.8649962602842184,0.9880329094988781,0.9265145848915483,True,True,True,6.0,0.012204
82800,2023-08-31,SCCO,SOUTHERN COPPER CORP,80.66,-0.066103,0.7993639764279963,3.5,dvpsx_f,0.04339201586908009,0.9416604338070307,0.8986537023186237,0.9201570680628273,True,True,True,7.0,-0.066576
13116,2023-08-31,CIVI,CIVITAS RESOURCES INC,82.22,0.098317,0.38584367117406626,6.2875,dvpsx_f,0.07647166139625394,0.831712789827973,0.9723261032161555,0.9020194465220643,True,True,True,8.0,0.004743
46463,2023-08-31,GFF,GRIFFON CORP,41.87,0.006592,0.43784482895616983,2.36,dvpsx_f,0.056364939097205635,0.8593866866118175,0.943530291697831,0.9014584891548243,True,True,True,9.0,-0.052544
60506,2023-08-31,PCAR,PACCAR INC,82.29,-0.041449,0.47065478173036834,4.19,dvpsx_f,0.05091748693644428,0.8735976065818998,0.9281974569932685,0.9008975317875841,True,True,True,10.0,0.033175
90464,2023-09-30,SPOK,SPOK HOLDINGS INC,14.27,0.002107,1.0975183458834055,1.25,dvpsx_f,0.08759635599159075,0.9604863221884499,0.9753039513677811,0.9678951367781155,True,True,True,1.0,0.044849
22812,2023-09-30,BRBR,BELLRING BRANDS INC NEW,41.23,-0.006506,1.0004875854694513,2.97,dvpsx_f,0.07203492602473928,0.9532674772036475,0.9650455927051672,0.9591565349544073,True,True,True,2.0,0.060636
81728,2023-09-30,NHTC,NATURAL HEALTH TRENDS CORP,5.3,-0.018519,0.692338073925082,0.8,dvpsx_f,0.12792141533145152,0.9019756838905775,0.9950607902735562,0.9485182370820668,True,True,True,3.0,0.050453
16436,2023-09-30,ARCH,ARCH RESOURCES INC,170.66,0.306738,0.6553685697639815,25.11,dvpsx_f,0.12792141533145152,0.8928571428571429,0.9950607902735562,0.9439589665653496,True,True,True,4.0,-0.116196
92245,2023-09-30,AROC,ARCHROCK INC,12.6,-0.014855,1.0809535135522115,0.58,dvpsx_f,0.04603174603174603,0.9574468085106383,0.901595744680851,0.9295212765957447,True,True,True,5.0,0.005556
89655,2023-09-30,NVEC,N V E CORP,82.14,-0.07134,0.8571678494482398,4.0,dvpsx_f,0.048697345994643294,0.9346504559270516,0.9145136778115501,0.9245820668693009,True,True,True,6.0,-0.159971
13116,2023-09-30,CIVI,CIVITAS RESOURCES INC,80.87,0.004743,0.5816141581463905,6.2875,dvpsx_f,0.07774823791269939,0.8700607902735562,0.9696048632218845,0.9198328267477204,True,True,True,7.0,-0.067269
82800,2023-09-30,SCCO,SOUTHERN COPPER CORP,75.29,-0.066576,0.7630980537266816,3.5,dvpsx_f,0.04648691725328728,0.918693009118541,0.9046352583586627,0.9116641337386018,True,True,True,8.0,-0.058308
81222,2023-09-30,UPBD,UPBOUND GROUP INC,29.45,-0.03821,0.7764136940752904,1.36,dvpsx_f,0.046179966044142616,0.9205927051671733,0.9023556231003039,0.9114741641337386,True,True,True,9.0,-0.103565
13802,2023-09-30,APAM,ARTISAN PARTNERS ASSET MGMT INC,37.42,-0.026028,0.496557939106014,3.67,dvpsx_f,0.09807589524318545,0.8354863221884499,0.9817629179331308,0.9086246200607904,True,True,True,10.0,-0.118119
81728,2023-10-31,NHTC,NATURAL HEALTH TRENDS CORP,5.5674,0.050453,0.772890480210251,0.8,dvpsx_f,0.1374253430185629,0.9590323839250878,0.9951229028482247,0.9770776433866563,True,True,True,1.0,-0.001329
90464,2023-10-31,SPOK,SPOK HOLDINGS INC,14.91,0.044849,0.9048624332720832,1.25,dvpsx_f,0.08383635144198524,0.9707374170893485,0.9711275848614904,0.9709325009754195,True,True,True,2.0,0.145037
62228,2023-10-31,FEIM,FREQUENCY ELECTRONICS INC,7.46,0.074928,0.6899684017179826,1.0,dvpsx_f,0.13404825737265416,0.9500585251658213,0.9882949668357394,0.9691767460007803,True,True,True,3.0,0.323056
91184,2023-10-31,GYRE,GYRE THERAPEUTICS INC,6.73,-0.069735,0.5389590912209188,1.43,dvpsx_f,0.1374253430185629,0.9243074522044479,0.9951229028482247,0.9597151775263363,True,True,True,4.0,2.494799
22812,2023-10-31,BRBR,BELLRING BRANDS INC NEW,43.73,0.060636,0.8055352137346443,2.97,dvpsx_f,0.06791676194831923,0.9641045649629341,0.9551307062036676,0.9596176355833008,True,True,True,5.0,0.209696
92245,2023-10-31,AROC,ARCHROCK INC,12.67,0.005556,0.7888079071771552,0.58,dvpsx_f,0.0457774269928966,0.9609832227857978,0.8884120171673819,0.92469761997659,True,True,True,6.0,0.15588
78211,2023-10-31,UVE,UNIVERSAL INSURANCE HOLDINGS INC,15.66,0.116976,0.6552310396593279,0.77,dvpsx_f,0.0491698595146871,0.9418650019508389,0.9028482247366367,0.9223566133437378,True,True,True,7.0,0.083014
82800,2023-10-31,SCCO,SOUTHERN COPPER CORP,70.9,-0.058308,0.5850044509795553,3.5,dvpsx_f,0.049365303244005634,0.9332813109637144,0.9051892313694889,0.9192352711666016,True,True,True,8.0,0.028632
46463,2023-10-31,GFF,GRIFFON CORP,39.94,0.006806,0.3378536188785217,2.36,dvpsx_f,0.05908863294942414,0.8630511119781507,0.9395239953179867,0.9012875536480687,True,True,True,9.0,0.168753
13802,2023-10-31,APAM,ARTISAN PARTNERS ASSET MGMT INC,33.0,-0.118119,0.24664415280738838,3.67,dvpsx_f,0.1112121212121212,0.815060476004682,0.9836129535700351,0.8993367147873585,True,True,True,10.0,0.160606
91184,2023-11-30,GYRE,GYRE THERAPEUTICS INC,23.52,2.494799,4.209552764368703,1.43,dvpsx_f,0.060799319727891155,0.9972889233152595,0.9512006196746708,0.9742447714949651,True,True,True,1.0,0.092262
15144,2023-11-30,PATI,PATRIOT TRANSPORT HLDG INC NEW,15.73,1.048177,0.8726175000989143,3.75,dvpsx_f,0.1297951351656406,0.9504260263361735,0.9947714949651433,0.9725987606506583,True,True,True,2.0,
90464,2023-11-30,SPOK,SPOK HOLDINGS INC,16.76,0.145037,1.273607871758871,1.25,dvpsx_f,0.07458233890214797,0.971727343144849,0.9659178931061193,0.9688226181254842,True,True,True,3.0,-0.076372
62228,2023-11-30,FEIM,FREQUENCY ELECTRONICS INC,9.87,0.323056,0.9320466694404541,1.0,dvpsx_f,0.10131712259371835,0.95429899302866,0.9810224632068164,0.9676607281177382,True,True,True,4.0,0.109422
22812,2023-11-30,BRBR,BELLRING BRANDS INC NEW,52.9,0.209696,1.1236481147721982,2.97,dvpsx_f,0.056143667296786395,0.9678543764523625,0.942292796281952,0.9550735863671572,True,True,True,5.0,0.047826
81728,2023-11-30,NHTC,NATURAL HEALTH TRENDS CORP,5.36,-0.001329,0.5258938511780753,0.8,dvpsx_f,0.1297951351656406,0.8892331525948877,0.9947714949651433,0.9420023237800155,True,True,True,6.0,0.093284
22178,2023-11-30,AIRS,AIRSCULPT TECHNOLOGIES INC,5.03,-0.161667,0.4050294711499949,0.41,dvpsx_f,0.08151093439363816,0.8512780790085205,0.9697908597986057,0.9105344694035631,True,True,True,7.0,0.489065
78211,2023-11-30,UVE,UNIVERSAL INSURANCE HOLDINGS INC,16.96,0.083014,0.6376780196137175,0.77,dvpsx_f,0.04540094339622641,0.9182804027885361,0.9016266460108443,0.9099535243996901,True,True,True,8.0,-0.040684
63773,2023-11-30,TDS,TELEPHONE & DATA SYSTEMS INC,19.7,0.083013,0.9980836204390715,0.72,dvpsx_f,0.03654822335025381,0.9620449264136328,0.8524399690162665,0.9072424477149497,True,True,True,9.0,-0.059137
92245,2023-11-30,AROC,ARCHROCK INC,14.49,0.15588,0.7535883739206173,0.58,dvpsx_f,0.040027605244996545,0.9349341595662277,0.8741285824941906,0.9045313710302092,True,True,True,10.0,0.062802
91184,2023-12-31,GYRE,GYRE THERAPEUTICS INC,25.69,0.092262,5.014886087398761,1.43,dvpsx_f,0.05566368236667964,0.9962235649546828,0.9561933534743202,0.9762084592145015,True,True,True,1.0,-0.51849
81728,2023-12-31,NHTC,NATURAL HEALTH TRENDS CORP,5.86,0.093284,0.979509195102914,0.8,dvpsx_f,0.11548311507103703,0.9297583081570997,0.9950906344410876,0.9624244712990937,True,True,True,2.0,0.081911
90464,2023-12-31,SPOK,SPOK HOLDINGS INC,15.48,-0.076372,1.0820188072396895,1.25,dvpsx_f,0.08074935400516796,0.9425981873111783,0.976963746223565,0.9597809667673716,True,True,True,3.0,0.069767
19312,2023-12-31,UWMC,U W M HOLDINGS CORP,7.15,0.330275,1.3217563939295798,0.4,dvpsx_f,0.055944055944055944,0.9580815709969789,0.9567598187311178,0.9574206948640483,True,True,True,4.0,-0.062937
19577,2023-12-31,RKT,ROCKET COMPANIES INC,14.48,0.550321,1.068573571511497,1.01,dvpsx_f,0.06975138121546962,0.9407099697885196,0.9705438066465257,0.9556268882175227,True,True,True,5.0,-0.149862
22812,2023-12-31,BRBR,BELLRING BRANDS INC NEW,55.43,0.047826,1.1618582904493842,2.97,dvpsx_f,0.053581093270791996,0.9486404833836858,0.9516616314199395,0.9501510574018126,True,True,True,6.0,-0.002887
22178,2023-12-31,AIRS,AIRSCULPT TECHNOLOGIES INC,7.49,0.489065,1.024324840794535,0.41,dvpsx_f,0.05473965287049399,0.9365558912386707,0.9543051359516617,0.9454305135951662,True,True,True,7.0,-0.030708
62228,2023-12-31,FEIM,FREQUENCY ELECTRONICS INC,10.95,0.109422,0.8120554982508608,1.0,dvpsx_f,0.09132420091324202,0.895392749244713,0.9814954682779456,0.9384441087613293,True,True,True,8.0,-0.066667
14229,2023-12-31,OMF,ONEMAIN HOLDINGS INC,49.2,0.163121,0.6261550705496624,3.8,dvpsx_f,0.07723577235772357,0.8466767371601208,0.974320241691843,0.9104984894259819,True,True,True,9.0,-0.03252
13802,2023-12-31,APAM,ARTISAN PARTNERS ASSET MGMT INC,44.18,0.17344,0.6038878604533198,3.67,dvpsx_f,0.08306926210955183,0.8361027190332326,0.9784743202416919,0.9072885196374623,True,True,True,10.0,-0.051607
91184,2024-01-31,GYRE,GYRE THERAPEUTICS INC,12.37,-0.51849,1.9295484844050006,1.43,dvpsx_f,0.11560226354082458,0.9873563218390805,0.9881226053639847,0.9877394636015326,True,True,True,1.0,0.466451
90464,2024-01-31,SPOK,SPOK HOLDINGS INC,16.56,0.069767,1.1845967316155397,1.25,dvpsx_f,0.07548309178743962,0.9701149425287356,0.9708812260536398,0.9704980842911877,True,True,True,2.0,0.085145
62228,2024-01-31,FEIM,FREQUENCY ELECTRONICS INC,10.22,-0.066667,0.7033312193566477,1.0,dvpsx_f,0.09784735812133072,0.9252873563218391,0.9827586206896551,0.9540229885057472,True,True,True,3.0,0.049902
22812,2024-01-31,BRBR,BELLRING BRANDS INC NEW,55.27,-0.002887,0.9488727850369918,2.97,dvpsx_f,0.05373620408901755,0.9555555555555556,0.9425287356321839,0.9490421455938698,True,True,True,4.0,0.030396
81728,2024-01-31,NHTC,NATURAL HEALTH TRENDS CORP,6.34,0.081911,0.5729912632558039,0.8,dvpsx_f,0.12249663973022087,0.9003831417624522,0.9952107279693486,0.9477969348659003,True,True,True,5.0,0.015773
19312,2024-01-31,UWMC,U W M HOLDINGS CORP,6.7,-0.062937,0.5723451792999523,0.4,dvpsx_f,0.05970149253731343,0.8996168582375479,0.9578544061302682,0.928735632183908,True,True,True,6.0,-0.047761
18150,2024-01-31,ETRN,EQUITRANS MIDSTREAM CORP,10.19,0.000982,0.5125205651800753,0.6,dvpsx_f,0.058881256133464184,0.8812260536398467,0.9551724137931035,0.918199233716475,True,True,True,7.0,0.063788
85796,2024-01-31,SCS,STEELCASE INC,12.68,-0.054734,0.69368444161046,0.49,dvpsx_f,0.038643533123028394,0.9229885057471264,0.8850574712643678,0.9040229885057471,True,True,True,8.0,0.083596
85903,2024-01-31,CIX,COMPX INTERNATIONAL INC,24.12,-0.045886,0.335387049516483,2.75,dvpsx_f,0.11401326699834162,0.8068965517241379,0.9877394636015325,0.8973180076628352,True,True,True,9.0,-0.033582
92245,2024-01-31,AROC,ARCHROCK INC,16.34,0.061039,0.7380233190932664,0.58,dvpsx_f,0.03549571603427172,0.9302681992337165,0.8620689655172413,0.8961685823754789,True,True,True,10.0,0.128213
91184,2024-02-29,GYRE,GYRE THERAPEUTICS INC,18.14,0.466451,3.0718358774216084,1.43,dvpsx_f,0.07883131201764057,0.9904942965779467,0.9726235741444867,0.9815589353612167,True,True,True,1.0,-0.036384
90464,2024-02-29,SPOK,SPOK HOLDINGS INC,17.97,0.085145,0.9814362673646548,1.25,dvpsx_f,0.06956037840845855,0.9349809885931559,0.9684410646387833,0.9517110266159696,True,True,True,2.0,-0.09502
62228,2024-02-29,FEIM,FREQUENCY ELECTRONICS INC,10.73,0.049902,0.6977829934740318,1.0,dvpsx_f,0.09319664492078285,0.8950570342205323,0.9817490494296578,0.938403041825095,True,True,True,3.0,0.014912
18150,2024-02-29,ETRN,EQUITRANS MIDSTREAM CORP,10.69,0.063788,0.8875818874300299,0.6,dvpsx_f,0.05612722170252572,0.9247148288973384,0.9463878326996198,0.9355513307984791,True,True,True,4.0,0.168382
22812,2024-02-29,BRBR,BELLRING BRANDS INC NEW,56.95,0.030396,0.8442356323882236,2.97,dvpsx_f,0.05215100965759438,0.9163498098859315,0.9357414448669201,0.9260456273764258,True,True,True,5.0,0.036523
19577,2024-02-29,RKT,ROCKET COMPANIES INC,12.56,0.020309,0.5979652101366726,1.01,dvpsx_f,0.0804140127388535,0.8692015209125475,0.973764258555133,0.9214828897338403,True,True,True,6.0,0.158439
19312,2024-02-29,UWMC,U W M HOLDINGS CORP,6.38,-0.047761,0.609717772218545,0.4,dvpsx_f,0.06269592476489029,0.8730038022813689,0.9570342205323193,0.9150190114068442,True,True,True,7.0,0.153605
46463,2024-02-29,GFF,GRIFFON CORP,71.4,0.228115,1.1071748074344967,2.36,dvpsx_f,0.0330532212885154,0.9463878326996198,0.8422053231939164,0.8942965779467681,True,True,True,8.0,0.027171
81728,2024-02-29,NHTC,NATURAL HEALTH TRENDS CORP,6.24,0.015773,0.41053641846313504,0.8,dvpsx_f,0.12363096808230056,0.7920152091254753,0.9956273764258555,0.8938212927756655,True,True,True,9.0,0.073718
85796,2024-02-29,SCS,STEELCASE INC,13.74,0.083596,0.8189464606534238,0.49,dvpsx_f,0.03566229985443959,0.9144486692015209,0.8612167300380228,0.8878326996197718,True,True,True,10.0,-0.048035
91184,2024-03-31,GYRE,GYRE THERAPEUTICS INC,17.48,-0.036384,4.629634275302379,1.43,dvpsx_f,0.08180778032036613,0.9950720242608037,0.978013646702047,0.9865428354814254,True,True,True,1.0,-0.107551
84411,2024-03-31,CCEL,CRYO CELL INTERNATIONAL INC,7.46,0.434615,1.470118787474199,0.9,dvpsx_f,0.11539050916083751,0.9564063684609553,0.9954510993176648,0.9759287338893101,True,True,True,2.0,0.113941
85903,2024-03-31,CIX,COMPX INTERNATIONAL INC,34.3,0.484341,0.9793541434236903,2.75,dvpsx_f,0.08017492711370262,0.9112964366944655,0.976497346474602,0.9438968915845337,True,True,True,3.0,-0.081924
18150,2024-03-31,ETRN,EQUITRANS MIDSTREAM CORP,12.49,0.168382,1.3008058088274512,0.6,dvpsx_f,0.04803843074459568,0.9431387414708112,0.931008339651251,0.9370735405610311,True,True,True,4.0,0.083267
90464,2024-03-31,SPOK,SPOK HOLDINGS INC,15.95,-0.09502,0.7154585004612719,1.25,dvpsx_f,0.07836990595611286,0.8639120545868082,0.9753601213040182,0.9196360879454132,True,True,True,5.0,-0.031348
46463,2024-03-31,GFF,GRIFFON CORP,73.34,0.027171,1.4660010551656129,2.45,dvpsx_f,0.033406053995091355,0.9556482183472328,0.8574677786201668,0.9065579984836998,True,True,True,6.0,-0.106627
85401,2024-03-31,SIGA,S I G A TECHNOLOGIES INC,8.56,0.758157,0.7208308754939385,0.45,dvpsx_f,0.052570093457943924,0.8658074298711145,0.9423805913570887,0.9040940106141016,True,True,True,7.0,0.025701
81728,2024-03-31,NHTC,NATURAL HEALTH TRENDS CORP,6.7,0.073718,0.5605064677644174,0.8,dvpsx_f,0.11539050916083751,0.8089461713419257,0.9954510993176648,0.9021986353297953,True,True,True,8.0,0.002985
62228,2024-03-31,FEIM,FREQUENCY ELECTRONICS INC,10.89,0.014912,0.5805504852114927,1.0,dvpsx_f,0.09182736455463728,0.8165276724791509,0.9829416224412434,0.8997346474601972,True,True,True,9.0,-0.118457
19577,2024-03-31,RKT,ROCKET COMPANIES INC,14.55,0.158439,0.6059600823699345,1.01,dvpsx_f,0.06941580756013746,0.8263836239575436,0.969294920394238,0.8978392721758908,True,True,True,10.0,-0.156014
91184,2024-04-30,GYRE,GYRE THERAPEUTICS INC,15.6,-0.107551,3.905665137952102,1.43,dvpsx_f,0.09166666666666666,0.9941770186335404,0.9805900621118012,0.9873835403726707,True,True,True,1.0,-0.271795
85903,2024-04-30,CIX,COMPX INTERNATIONAL INC,31.49,-0.081924,0.8151899345102791,2.75,dvpsx_f,0.08732931089234679,0.90722049689441,0.9782608695652174,0.9427406832298137,True,True,True,2.0,-0.234995
18150,2024-04-30,ETRN,EQUITRANS MIDSTREAM CORP,13.53,0.083267,1.7972823953579127,0.6,dvpsx_f,0.04434589800443459,0.9755434782608695,0.9087732919254659,0.9421583850931676,True,True,True,3.0,0.066519
46463,2024-04-30,GFF,GRIFFON CORP,65.52,-0.106627,1.478730807401642,2.45,dvpsx_f,0.0373931623931624,0.9654503105590062,0.8684006211180124,0.9169254658385093,True,True,True,4.0,0.03312
85401,2024-04-30,SIGA,S I G A TECHNOLOGIES INC,8.78,0.025701,0.7408376752492649,0.45,dvpsx_f,0.05125284738041003,0.8889751552795031,0.9347826086956522,0.9118788819875776,True,True,True,5.0,-0.148064
47861,2024-04-30,SGC,SUPERIOR GROUP OF COMPANIES INC,16.27,-0.015133,1.203732844287718,0.54,dvpsx_f,0.03318992009834051,0.953416149068323,0.8388975155279503,0.8961568322981366,True,True,True,6.0,0.267978
62228,2024-04-30,FEIM,FREQUENCY ELECTRONICS INC,9.6,-0.118457,0.46901262275987454,1.0,dvpsx_f,0.10416666666666667,0.8000776397515528,0.984860248447205,0.8924689440993789,True,True,True,7.0,-0.0625
63773,2024-04-30,TDS,TELEPHONE & DATA SYSTEMS INC,15.65,-0.023096,0.6520067777845031,0.72,dvpsx_f,0.04600638977635783,0.8707298136645962,0.9138198757763976,0.8922748447204969,True,True,True,8.0,0.270927
14229,2024-04-30,OMF,ONEMAIN HOLDINGS INC,52.11,0.019965,0.4922318041163465,3.8,dvpsx_f,0.07292266359623872,0.8140527950310559,0.9670031055900621,0.890527950310559,True,True,True,9.0,-0.037421
16592,2024-04-30,METC,RAMACO RESOURCES INC,15.68,-0.068884,1.5739146212619768,0.4525,dvpsx_f,0.02885841836734694,0.96972049689441,0.8090062111801242,0.8893633540372671,True,True,True,10.0,-0.088807
91184,2024-05-31,GYRE,GYRE THERAPEUTICS INC,11.36,-0.271795,2.442426476273745,1.43,dvpsx_f,0.12588028169014084,0.9852770244091438,0.9907012785741961,0.9879891514916699,True,True,True,1.0,0.050176
90077,2024-05-31,COHN,COHEN & CO INC NEW,10.18,0.587519,1.4965938578137221,1.75,dvpsx_f,0.12671494878361078,0.9643549012010848,0.9955443626501356,0.9799496319256102,True,True,True,2.0,-0.129666
13278,2024-05-31,HMST,HOMESTREET INC,9.13,-0.254694,0.7868901161789881,1.4,dvpsx_f,0.12671494878361078,0.8849283223556761,0.9955443626501356,0.9402363425029059,True,True,True,3.0,0.248631
16436,2024-05-31,ARCH,ARCH RESOURCES INC,173.92999,0.102406,0.7745688397495079,25.11,dvpsx_f,0.12671494878361078,0.8829910887253003,0.9955443626501356,0.939267725687718,True,True,True,4.0,-0.124763
63773,2024-05-31,TDS,TELEPHONE & DATA SYSTEMS INC,19.89,0.270927,2.1430838593852166,0.72,dvpsx_f,0.03619909502262443,0.9821774506005424,0.8671057729562185,0.9246416117783804,True,True,True,5.0,0.044243
89960,2024-05-31,KRO,KRONOS WORLDWIDE INC,14.21,0.241048,0.8684983799572501,0.76,dvpsx_f,0.05348346235045742,0.9039132119333592,0.9449825648973266,0.9244478884153429,True,True,True,6.0,-0.103448
19577,2024-05-31,RKT,ROCKET COMPANIES INC,13.9,0.131922,0.7331665683925894,1.01,dvpsx_f,0.07266187050359713,0.8721425803951957,0.9674544750096862,0.919798527702441,True,True,True,7.0,-0.014389
46463,2024-05-31,GFF,GRIFFON CORP,67.54,0.03312,1.1654187437206498,2.45,dvpsx_f,0.036274800118448323,0.9445951181712514,0.8678806664083688,0.9062378922898101,True,True,True,8.0,-0.054486
85796,2024-05-31,SCS,STEELCASE INC,13.66,0.135495,1.183806413288862,0.49,dvpsx_f,0.03587115666178624,0.9469197985277025,0.8640061991476172,0.9054629988376599,True,True,True,9.0,-0.051245
49015,2024-05-31,LNC,LINCOLN NATIONAL CORP,32.99,0.209754,0.6896243513666336,1.8,dvpsx_f,0.05456198848135799,0.8581944982564897,0.945757458349477,0.9019759783029834,True,True,True,10.0,-0.05729
90077,2024-06-30,COHN,COHEN & CO INC NEW,8.86,-0.129666,1.4679510908203879,1.0,dvpsx_f,0.11057889783747896,0.9731182795698925,0.994815668202765,0.9839669738863288,True,True,True,1.0,0.082393
91184,2024-06-30,GYRE,GYRE THERAPEUTICS INC,11.93,0.050176,1.2620412863786825,3.6,dvpsx_f,0.11057889783747896,0.9650537634408602,0.994815668202765,0.9799347158218126,True,True,True,2.0,0.212909
23340,2024-06-30,CRBG,COREBRIDGE FINANCIAL INC,29.12,0.006171,0.8072314975095751,2.7,dvpsx_f,0.09271978021978022,0.9274193548387096,0.9854070660522274,0.9564132104454686,True,True,True,3.0,0.014766
13278,2024-06-30,HMST,HOMESTREET INC,11.4,0.248631,0.9748837531275687,0.65,dvpsx_f,0.05701754385964912,0.9473886328725039,0.9504608294930875,0.9489247311827957,True,True,True,4.0,0.263158
64995,2024-06-30,KEY,KEYCORP NEW,14.21,-0.011134,0.6375065484691131,0.82,dvpsx_f,0.05770584095707248,0.8878648233486943,0.9512288786482335,0.9195468509984639,True,True,True,5.0,0.135116
85401,2024-06-30,SIGA,S I G A TECHNOLOGIES INC,7.59,0.014706,0.6083222119232721,0.45,dvpsx_f,0.05928853754940712,0.8821044546850998,0.955837173579109,0.9189708141321045,True,True,True,6.0,0.314888
63773,2024-06-30,TDS,TELEPHONE & DATA SYSTEMS INC,20.73,0.044243,1.6054318886936945,0.74,dvpsx_f,0.03569705740472745,0.9773425499231951,0.8490783410138248,0.9132104454685099,True,True,True,7.0,0.022673
81728,2024-06-30,NHTC,NATURAL HEALTH TRENDS CORP,7.1,0.027496,0.4666621052523041,0.8,dvpsx_f,0.11057889783747896,0.8279569892473119,0.994815668202765,0.9113863287250384,True,True,True,8.0,0.028169
75175,2024-06-30,MBI,M B I A INC,5.49,-0.028319,0.46602480263126433,8.0,dvpsx_f,0.11057889783747896,0.8275729646697388,0.994815668202765,0.9111943164362519,True,True,True,9.0,-0.198543
89960,2024-06-30,KRO,KRONOS WORLDWIDE INC,12.55,-0.103448,0.5493778829197535,0.76,dvpsx_f,0.060557768924302785,0.8617511520737328,0.9577572964669739,0.9097542242703534,True,True,True,10.0,-0.047012
91184,2024-07-31,GYRE,GYRE THERAPEUTICS INC,14.47,0.212909,1.5452953666938316,3.6,dvpsx_f,0.10434702815432681,0.9752663622526636,0.9950532724505328,0.9851598173515982,True,True,True,1.0,-0.048376
90077,2024-07-31,COHN,COHEN & CO INC NEW,9.59,0.082393,1.0071870491998824,1.0,dvpsx_f,0.10427528675703858,0.947869101978691,0.9897260273972602,0.9687975646879756,True,True,True,2.0,-0.087591
62228,2024-07-31,FEIM,FREQUENCY ELECTRONICS INC,13.6,0.492865,0.9681611905575824,1.0,dvpsx_f,0.07352941176470588,0.943683409436834,0.9790715372907154,0.9613774733637748,True,True,True,3.0,0.110294
93002,2024-07-31,AVGO,BROADCOM INC,160.67999,0.000791,0.8194594662606356,18.4,dvpsx_f,0.10434702815432681,0.9181887366818874,0.9950532724505328,0.95662100456621,True,True,True,4.0,0.013319
23340,2024-07-31,CRBG,COREBRIDGE FINANCIAL INC,29.55,0.014766,0.730998812411088,2.7,dvpsx_f,0.09137055837563453,0.9041095890410958,0.9866818873668188,0.9453957382039573,True,True,True,5.0,0.000338
85401,2024-07-31,SIGA,S I G A TECHNOLOGIES INC,9.98,0.314888,0.8605492855143939,0.45,dvpsx_f,0.04509018036072144,0.9269406392694064,0.9322678843226788,0.9296042617960426,True,True,True,6.0,-0.09519
63773,2024-07-31,TDS,TELEPHONE & DATA SYSTEMS INC,21.2,0.022673,1.7342725441423852,0.74,dvpsx_f,0.03490566037735849,0.9794520547945206,0.8744292237442922,0.9269406392694064,True,True,True,7.0,0.114151
20598,2024-07-31,CALM,CAL MAINE FOODS INC,71.57,0.171167,0.6058745406108728,5.152,dvpsx_f,0.07198546877183178,0.8721461187214612,0.9779299847792998,0.9250380517503805,True,True,True,8.0,0.017326
13278,2024-07-31,HMST,HOMESTREET INC,14.4,0.263158,0.6052146269261638,0.65,dvpsx_f,0.04513888888888889,0.8713850837138508,0.9330289193302892,0.90220700152207,True,True,True,9.0,0.111111
22027,2024-07-31,JXN,JACKSON FINANCIAL INC,88.06,0.185833,1.8012794162897086,2.48,dvpsx_f,0.028162616397910515,0.9817351598173516,0.8169710806697108,0.8993531202435312,True,True,True,10.0,0.02169
62228,2024-08-31,FEIM,FREQUENCY ELECTRONICS INC,14.1,0.110294,1.284415458018827,1.0,dvpsx_f,0.07092198581560284,0.9605817068503636,0.9770378874856487,0.9688097971680061,True,True,True,1.0,-0.143262
93002,2024-08-31,AVGO,BROADCOM INC,162.82001,0.013319,0.7952673065644911,18.4,dvpsx_f,0.1109351781958359,0.9043245311902028,0.9954075774971297,0.9498660543436663,True,True,True,2.0,0.062707
23340,2024-08-31,CRBG,COREBRIDGE FINANCIAL INC,29.56,0.000338,0.8170468726163189,2.7,dvpsx_f,0.09133964817320704,0.9081515499425947,0.9869881362418675,0.9475698430922311,True,True,True,3.0,-0.005751
85401,2024-08-31,SIGA,S I G A TECHNOLOGIES INC,9.03,-0.09519,1.1052202696001237,0.45,dvpsx_f,0.049833887043189376,0.9475698430922311,0.9448909299655568,0.9462303865288939,True,True,True,4.0,-0.252492
91184,2024-08-31,GYRE,GYRE THERAPEUTICS INC,13.77,-0.048376,0.640164762435764,3.6,dvpsx_f,0.1109351781958359,0.8652889399158056,0.9954075774971297,0.9303482587064676,True,True,True,5.0,-0.089325
14503,2024-08-31,OUT,OUTFRONT MEDIA INC,17.05,0.051171,0.604143595542888,1.2,dvpsx_f,0.07038123167155425,0.8492154611557596,0.9766551856104095,0.9129353233830846,True,True,True,6.0,0.095601
47861,2024-08-31,SGC,SUPERIOR GROUP OF COMPANIES INC,14.48,-0.266064,0.9059971263660132,0.56,dvpsx_f,0.038674033149171276,0.9230769230769231,0.9012629161882894,0.9121699196326063,True,True,True,7.0,0.069751
19312,2024-08-31,UWMC,U W M HOLDINGS CORP,9.4,0.119048,0.6785737043113309,0.4,dvpsx_f,0.0425531914893617,0.8813624186758515,0.9230769230769231,0.9022196708763873,True,True,True,8.0,-0.082979
20598,2024-08-31,CALM,CAL MAINE FOODS INC,72.04,0.017326,0.554444566669835,5.152,dvpsx_f,0.07151582454192115,0.8251052430156908,0.9781859931113662,0.9016456180635285,True,True,True,9.0,0.038867
13278,2024-08-31,HMST,HOMESTREET INC,16.0,0.111111,0.718204266233953,0.65,dvpsx_f,0.040625,0.8890164561806353,0.9100650593187907,0.899540757749713,True,True,True,10.0,-0.015
93002,2024-09-30,AVGO,BROADCOM INC,172.5,0.062707,1.1082024809408901,18.4,dvpsx_f,0.10666666666666666,0.9305715381664749,0.9896432681242808,0.9601074031453778,True,True,True,1.0,-0.015826
14503,2024-09-30,OUT,OUTFRONT MEDIA INC,18.38,0.095601,0.9750135159601017,1.2,dvpsx_f,0.06528835690968444,0.9102416570771001,0.9735327963176065,0.9418872266973533,True,True,True,2.0,-0.033732
62228,2024-09-30,FEIM,FREQUENCY ELECTRONICS INC,12.08,-0.143262,0.8640830485560227,1.0,dvpsx_f,0.08278145695364239,0.889144610663598,0.9831223628691983,0.9361334867663982,True,True,True,3.0,0.044702
21336,2024-09-30,TRML,TOURMALINE BIO INC,25.71,0.525816,0.753767111783791,15.118,dvpsx_f,0.11258314855875792,0.8576908323743767,0.995205216724204,0.9264480245492903,True,True,True,4.0,-0.00739
91184,2024-09-30,GYRE,GYRE THERAPEUTICS INC,12.54,-0.089325,0.7333599219126459,3.6,dvpsx_f,0.11258314855875792,0.8484848484848485,0.995205216724204,0.9218450326045262,True,True,True,5.0,0.140351
13278,2024-09-30,HMST,HOMESTREET INC,15.76,-0.015,1.053076710237467,0.65,dvpsx_f,0.041243654822335024,0.9217491369390104,0.9133103183736095,0.9175297276563099,True,True,True,6.0,-0.425444
19312,2024-09-30,UWMC,U W M HOLDINGS CORP,8.52,-0.082979,0.8533639523600764,0.4,dvpsx_f,0.04694835680751174,0.8833908707326429,0.93632527809743,0.9098580744150364,True,True,True,7.0,-0.244131
47861,2024-09-30,SGC,SUPERIOR GROUP OF COMPANIES INC,15.49,0.069751,1.0677711979692561,0.56,dvpsx_f,0.036152356358941255,0.9252013808975834,0.8868431146912159,0.9060222477943997,True,True,True,8.0,-0.047773
89960,2024-09-30,KRO,KRONOS WORLDWIDE INC,12.45,0.081315,0.6998959093064518,0.76,dvpsx_f,0.06104417670682731,0.8354430379746836,0.968162639048715,0.9018028385116993,True,True,True,9.0,-0.073092
22592,2024-09-30,MMM,3M CO,136.7,0.014923,0.8051724655944466,6.0,dvpsx_f,0.04389173372348208,0.871499808208669,0.9275028768699655,0.8995013425393172,True,True,True,10.0,-0.060205
91184,2024-10-31,GYRE,GYRE THERAPEUTICS INC,14.3,0.140351,1.1248125214997957,3.6,dvpsx_f,0.10739770777745467,0.9019157088122606,0.9944444444444445,0.9481800766283526,True,True,True,1.0,-0.125175
93002,2024-10-31,AVGO,BROADCOM INC,169.77,-0.015826,1.0482295187988049,18.4,dvpsx_f,0.10739770777745467,0.8900383141762452,0.9944444444444445,0.9422413793103448,True,True,True,2.0,-0.045297
14503,2024-10-31,OUT,OUTFRONT MEDIA INC,17.76,-0.033732,0.9748724927636383,1.2,dvpsx_f,0.06756756756756756,0.8758620689655172,0.9727969348659004,0.9243295019157087,True,True,True,3.0,0.123874
20598,2024-10-31,CALM,CAL MAINE FOODS INC,87.78,0.186518,1.0206680002572353,5.152,dvpsx_f,0.05869218500797448,0.8827586206896552,0.9593869731800766,0.9210727969348659,True,True,True,4.0,0.111985
13278,2024-10-31,HMST,HOMESTREET INC,9.055,-0.425444,0.9025130274007838,0.65,dvpsx_f,0.0717835450027609,0.8593869731800766,0.9762452107279693,0.917816091954023,True,True,True,5.0,0.311982
89960,2024-10-31,KRO,KRONOS WORLDWIDE INC,11.54,-0.073092,0.7697477404306357,0.76,dvpsx_f,0.0658578856152513,0.8176245210727969,0.9704980842911878,0.8940613026819924,True,True,True,6.0,-0.015598
23340,2024-10-31,CRBG,COREBRIDGE FINANCIAL INC,31.77,0.089506,0.7345390915377388,2.7,dvpsx_f,0.08498583569405099,0.8049808429118774,0.9823754789272031,0.8936781609195403,True,True,True,7.0,0.018886
14889,2024-10-31,CFG,CITIZENS FINANCIAL GROUP INC,42.12,0.035793,0.8799110715556362,1.68,dvpsx_f,0.039886039886039885,0.8544061302681992,0.9053639846743295,0.8798850574712644,True,True,True,8.0,0.142925
64995,2024-10-31,KEY,KEYCORP NEW,17.25,0.029851,0.7864850331704434,0.82,dvpsx_f,0.04753623188405797,0.8237547892720306,0.9352490421455939,0.8795019157088122,True,True,True,9.0,0.129275
47861,2024-10-31,SGC,SUPERIOR GROUP OF COMPANIES INC,14.75,-0.047773,0.9148397267360293,0.56,dvpsx_f,0.03796610169491526,0.8628352490421456,0.8938697318007662,0.8783524904214559,True,True,True,10.0,0.157288
75175,2024-11-30,MBI,M B I A INC,6.89,0.748731,1.1956487136744607,8.0,dvpsx_f,0.10374206671088941,0.9076335877862596,0.9948473282442748,0.9512404580152671,True,True,True,1.0,-0.062409
90077,2024-11-30,COHN,COHEN & CO INC NEW,10.1,0.235084,0.8371189709582554,1.0,dvpsx_f,0.09900990099009901,0.8416030534351145,0.9889312977099237,0.9152671755725191,True,True,True,2.0,0.024753
93002,2024-11-30,AVGO,BROADCOM INC,162.08,-0.045297,0.7772544489607274,18.4,dvpsx_f,0.10374206671088941,0.8202290076335877,0.9948473282442748,0.9075381679389313,True,True,True,3.0,0.434045
14599,2024-11-30,HNNA,HENNESSY ADVISORS INC,10.9853,0.092613,0.8330498131861563,0.55,dvpsx_f,0.05006690759469473,0.8408396946564886,0.9541984732824428,0.8975190839694657,True,True,True,4.0,0.160642
13278,2024-11-30,HMST,HOMESTREET INC,11.88,0.311982,0.759998171449779,0.65,dvpsx_f,0.054713804713804715,0.8122137404580153,0.9618320610687023,0.8870229007633588,True,True,True,5.0,-0.038721
14503,2024-11-30,OUT,OUTFRONT MEDIA INC,19.21,0.123874,0.7288431458620008,1.2,dvpsx_f,0.06246746486205101,0.799618320610687,0.9713740458015268,0.8854961832061069,True,True,True,6.0,-0.076523
23835,2024-11-30,MDU,M D U RESOURCES GROUP INC,20.04,0.298286,0.998339592385417,0.695,dvpsx_f,0.03468063872255489,0.8812977099236641,0.8896946564885496,0.8854961832061068,True,True,True,7.0,-0.094311
16673,2024-11-30,KNTK,KINETIK HOLDINGS INC,59.02,0.212657,0.74824354009645,3.0,dvpsx_f,0.05083022704168078,0.8072519083969466,0.9557251908396946,0.8814885496183207,True,True,True,8.0,-0.039139
11628,2024-11-30,CPF,CENTRAL PACIFIC FINANCIAL CORP,31.92,0.194506,0.89863583487537,1.04,dvpsx_f,0.03258145363408521,0.8591603053435114,0.8786259541984733,0.8688931297709923,True,True,True,9.0,-0.089912
14889,2024-11-30,CFG,CITIZENS FINANCIAL GROUP INC,48.14,0.142925,0.8460453044249174,1.68,dvpsx_f,0.03489821354383049,0.8450381679389313,0.8908396946564886,0.8679389312977099,True,True,True,10.0,-0.090985
93002,2024-12-31,AVGO,BROADCOM INC,231.84,0.434045,1.103766691424251,18.4,dvpsx_f,0.07936507936507936,0.9424265842349304,0.9806800618238022,0.9615533230293662,True,True,True,1.0,
92528,2024-12-31,DALN,DALLASNEWS CORP,7.43,0.510163,0.8186962363764148,0.64,dvpsx_f,0.08613728129205922,0.9045595054095827,0.9833848531684699,0.9439721792890263,True,True,True,2.0,
90077,2024-12-31,COHN,COHEN & CO INC NEW,10.35,0.024753,0.7410445166021162,1.0,dvpsx_f,0.0966183574879227,0.89258114374034,0.9872488408037094,0.9399149922720247,True,True,True,3.0,
16673,2024-12-31,KNTK,KINETIK HOLDINGS INC,56.71,-0.039139,0.8286889458874187,3.0,dvpsx_f,0.05290072297654735,0.9080370942812983,0.9513137557959814,0.9296754250386399,True,True,True,4.0,
14599,2024-12-31,HNNA,HENNESSY ADVISORS INC,12.75,0.160642,1.0292230930927784,0.55,dvpsx_f,0.04313725490196079,0.9362442040185471,0.9227202472952086,0.9294822256568779,True,True,True,5.0,
13599,2024-12-31,LFVN,LIFEVANTAGE CORP,17.53,0.202601,1.96862573378802,0.545,dvpsx_f,0.031089560752994867,0.9764296754250387,0.8404173106646059,0.9084234930448223,True,True,True,6.0,
24010,2024-12-31,ETR,ENTERGY CORP NEW,75.82,-0.029007,0.5566597527873209,4.34,dvpsx_f,0.0572408335531522,0.8465996908809892,0.9578825347758887,0.9022411128284389,True,True,True,7.0,
90371,2024-12-31,BBW,BUILD A BEAR WORKSHOP INC,46.04,0.211898,1.0545560156656468,1.5,dvpsx_f,0.03258036490008688,0.9385625965996909,0.8535548686244204,0.8960587326120557,True,True,True,8.0,
23835,2024-12-31,MDU,M D U RESOURCES GROUP INC,18.02,-0.094311,0.7385685371070476,0.695,dvpsx_f,0.03856825749167592,0.8918083462132921,0.8979907264296755,0.8948995363214838,True,True,True,9.0,
12558,2024-12-31,KMI,KINDER MORGAN INC,27.4,-0.030775,0.6449579393896796,1.125,dvpsx_f,0.04105839416058395,0.8709428129829985,0.9119010819165378,0.8914219474497682,True,True,True,10.0,
